doc_id,source,url,title,text_path,text_chars
HP00000,cnn,http://web.archive.org/web/20130206160615id_/http://edition.cnn.com/2012/09/24/sport/motorsport/alonso-ferrari-f1-motorsport/index.html,Championship leader Alonso: 'Ferrari must improve' - CNN.com,pipelines/cnn_dm_v3_gendered_focus/02_human_raw/articles_txt/HP00000.txt,4904
HP00001,cnn,http://web.archive.org/web/20120714001431id_/http://edition.cnn.com:80/2012/04/14/world/peru-hostages/index.html?,Report: Hostages held by Shining Path freed after clashes in Peru - CNN.com,pipelines/cnn_dm_v3_gendered_focus/02_human_raw/articles_txt/HP00001.txt,1873
HP00002,cnn,http://web.archive.org/web/20150601012923id_/http://www.cnn.com/2015/01/14/china/china-child-trafficking-bust/,Chinese police rescues 37 babies in trafficking bust - CNN.com,pipelines/cnn_dm_v3_gendered_focus/02_human_raw/articles_txt/HP00002.txt,3331
HP00003,cnn,http://web.archive.org/web/20130821192403id_/http://edition.cnn.com/2013/08/13/sport/motorsport/pamela-anderson,Pamela Anderson fronts racing team,pipelines/cnn_dm_v3_gendered_focus/02_human_raw/articles_txt/HP00003.txt,6334
HP00004,cnn,http://web.archive.org/web/20140311101048id_/http://www.cnn.com/2013/05/14/showbiz/tv/how-met-mother-creators-ew,'HIMYM' unveils the mother! The creators answer your burning questions,pipelines/cnn_dm_v3_gendered_focus/02_human_raw/articles_txt/HP00004.txt,8642
HP00005,cnn,http://web.archive.org/web/20150413175428id_/http://edition.cnn.com/2011/WORLD/africa/02/21/libya.us.reaction/,"Obama seeking reform in Libya, official says",pipelines/cnn_dm_v3_gendered_focus/02_human_raw/articles_txt/HP00005.txt,1956
HP00006,cnn,http://web.archive.org/web/20110319011415id_/http://edition.cnn.com:80/2011/US/studentnews/02/09/transcript.thu/index.html,"CNN Student News Transcript: February 10, 2011",pipelines/cnn_dm_v3_gendered_focus/02_human_raw/articles_txt/HP00006.txt,9687
HP00007,cnn,http://web.archive.org/web/20140904003955id_/http://edition.cnn.com/2012/04/11/world/meast/iran-israel-terror-network/index.html,Iran: Israeli operatives arrested,pipelines/cnn_dm_v3_gendered_focus/02_human_raw/articles_txt/HP00007.txt,4694
HP00008,cnn,http://web.archive.org/web/20130212145244id_/http://www.cnn.com:80/2013/01/23/showbiz/tv/fox-ben-and-kate-canceled,Fox pulls 'Ben and Kate',pipelines/cnn_dm_v3_gendered_focus/02_human_raw/articles_txt/HP00008.txt,1942
HP00009,cnn,http://web.archive.org/web/20141207133521id_/http://www.cnn.com/2014/10/24/politics/brown-ebola-statement/,"Scott Brown on Ebola: No time for ""political correctness""",pipelines/cnn_dm_v3_gendered_focus/02_human_raw/articles_txt/HP00009.txt,1745
HP00010,cnn,http://web.archive.org/web/20130130092902id_/http://www.cnn.com/2011/WORLD/americas/08/15/aruba.missing.woman/index.html,Aruban judge orders U.S. man held 16 more days in missing woman case,pipelines/cnn_dm_v3_gendered_focus/02_human_raw/articles_txt/HP00010.txt,3022
HP00011,cnn,http://web.archive.org/web/20130520061504id_/http://www.cnn.com:80/2012/11/29/living/new-york-is-so-nice,"Dear New York, what's up with the niceness?",pipelines/cnn_dm_v3_gendered_focus/02_human_raw/articles_txt/HP00011.txt,3561
HP00012,cnn,http://web.archive.org/web/20100825063356id_/http://www.cnn.com:80/2010/CRIME/07/15/florida.casey.anthony.trial/?,Judge allows 911 tapes in Casey Anthony trial - CNN.com,pipelines/cnn_dm_v3_gendered_focus/02_human_raw/articles_txt/HP00012.txt,4481
HP00013,cnn,http://web.archive.org/web/20131212101617id_/http://www.cnn.com/2013/11/28/travel/conch-festival/,Conched out: The festival dedicated to an ocean mollusc,pipelines/cnn_dm_v3_gendered_focus/02_human_raw/articles_txt/HP00013.txt,5498
HP00014,cnn,http://web.archive.org/web/20100424010310id_/http://www.cnn.com:80/2010/WORLD/asiapcf/02/16/barandar.profile/,Captured commander is senior Taliban leader - CNN.com,pipelines/cnn_dm_v3_gendered_focus/02_human_raw/articles_txt/HP00014.txt,5136
HP00015,cnn,http://web.archive.org/web/20150531092519id_/http://www.cnn.com/2013/02/13/world/americas/venezuela-chavez-absence,"With Chavez away for months, big changes roil Venezuela - CNN.com",pipelines/cnn_dm_v3_gendered_focus/02_human_raw/articles_txt/HP00015.txt,6517
HP00016,cnn,http://web.archive.org/web/20100419204811id_/http://www.cnn.com:80/2010/US/03/08/colorado.lesbians.church/,Groups protest decision not to re-enroll child of lesbians - CNN.com,pipelines/cnn_dm_v3_gendered_focus/02_human_raw/articles_txt/HP00016.txt,3196
HP00017,cnn,http://web.archive.org/web/20130511041217id_/http://edition.cnn.com:80/2009/WORLD/meast/05/06/iraq.violence/index.html,At least 15 dead in Baghdad market bombing - CNN.com,pipelines/cnn_dm_v3_gendered_focus/02_human_raw/articles_txt/HP00017.txt,3322
HP00018,cnn,http://web.archive.org/web/20131217164022id_/http://www.cnn.com/2013/05/19/us/philadelphia-police-rape-charge,"Hero cop, who sat next to the first lady, charged with rape",pipelines/cnn_dm_v3_gendered_focus/02_human_raw/articles_txt/HP00018.txt,2469
HP00019,cnn,http://web.archive.org/web/20130822234119id_/http://www.cnn.com:80/2013/08/15/showbiz/chris-brown-court,Hit-and-run charge against Chris Brown dropped,pipelines/cnn_dm_v3_gendered_focus/02_human_raw/articles_txt/HP00019.txt,4358
HP00020,cnn,http://web.archive.org/web/20140914010037id_/http://www.cnn.com/2012/06/04/world/africa/ntone-edjabe-chimurenga/index.html,Chimurenga: Africa's answer to the New Yorker,pipelines/cnn_dm_v3_gendered_focus/02_human_raw/articles_txt/HP00020.txt,5505
HP00021,cnn,http://web.archive.org/web/20121020050057id_/http://www.cnn.com/2010/WORLD/asiapcf/02/14/india.explosion/index.html,"Iranian, Italian among Indian bakery blast dead - CNN.com",pipelines/cnn_dm_v3_gendered_focus/02_human_raw/articles_txt/HP00021.txt,4673
HP00022,cnn,http://web.archive.org/web/20150215013856id_/http://www.cnn.com/2012/11/30/us/iyw-social-media-helping-sandy-personal,Social media make helping personal - CNN.com,pipelines/cnn_dm_v3_gendered_focus/02_human_raw/articles_txt/HP00022.txt,6684
HP00023,cnn,http://web.archive.org/web/20140831162336id_/http://edition.cnn.com/2014/04/04/world/europe/spain-venezuela-riot-gear/index.html,"Spain suspends sale of riot gear to Venezuela in light of turmoil, officials say",pipelines/cnn_dm_v3_gendered_focus/02_human_raw/articles_txt/HP00023.txt,2396
HP00024,cnn,http://web.archive.org/web/20131113030012id_/http://www.cnn.com:80/2013/08/21/opinion/granderson-rustin-erased/?,The man black history erased,pipelines/cnn_dm_v3_gendered_focus/02_human_raw/articles_txt/HP00024.txt,6653
HP00025,cnn,http://web.archive.org/web/20150712181828id_/http://www.cnn.com/2014/12/12/justice/cleveland-tamir-rice/,Tamir Rice shooting is ruled a homicide - CNN.com,pipelines/cnn_dm_v3_gendered_focus/02_human_raw/articles_txt/HP00025.txt,2313
HP00026,cnn,http://web.archive.org/web/20141207060119id_/http://www.cnn.com/2014/10/23/politics/koch-group-ads-kansas-senate/,Koch-backed super PAC puts $1.1 million in Kansas race,pipelines/cnn_dm_v3_gendered_focus/02_human_raw/articles_txt/HP00026.txt,2616
HP00027,cnn,http://web.archive.org/web/20090427065233id_/http://edition.cnn.com:80/2009/TECH/03/03/apple.macpro/index.html?eref=rss_tech,"Apple announces new Mac Pro, tweaks iMac and Mac Mini - CNN.com",pipelines/cnn_dm_v3_gendered_focus/02_human_raw/articles_txt/HP00027.txt,2231
HP00028,cnn,http://web.archive.org/web/20150102134903id_/http://www.cnn.com/2013/06/28/us/guns-5-things/,Five things to know about guns,pipelines/cnn_dm_v3_gendered_focus/02_human_raw/articles_txt/HP00028.txt,6098
HP00029,cnn,http://web.archive.org/web/20150207175404id_/http://www.cnn.com/2014/02/25/living/justin-simien-black-culture-now/,5 things to know about black culture now - CNN.com,pipelines/cnn_dm_v3_gendered_focus/02_human_raw/articles_txt/HP00029.txt,12716
HP00030,cnn,http://web.archive.org/web/20140923131608id_/http://edition.cnn.com:80/2014/06/09/sport/football/jennifer-lopez-world-cup-performance,Jennifer Lopez to skip World Cup opener in Brazil,pipelines/cnn_dm_v3_gendered_focus/02_human_raw/articles_txt/HP00030.txt,9619
HP00031,cnn,http://web.archive.org/web/20090420132430id_/http://www.cnn.com:80/2009/POLITICS/02/19/missouri.senate/index.html,Roy Blunt's announcement sets up showdown in Missouri - CNN.com,pipelines/cnn_dm_v3_gendered_focus/02_human_raw/articles_txt/HP00031.txt,4559
HP00032,cnn,http://web.archive.org/web/20150326110639id_/http://www.cnn.com/2014/12/10/health/ebola-fatu-family-update/,Woman who saved family from Ebola coming to U.S. - CNN.com,pipelines/cnn_dm_v3_gendered_focus/02_human_raw/articles_txt/HP00032.txt,5367
HP00033,cnn,http://web.archive.org/web/20140927210716id_/http://edition.cnn.com:80/2014/08/20/sport/football/football-man-utd-barcelona-sponsorship,Manchester United ahead of the field in new sponsorship strategy,pipelines/cnn_dm_v3_gendered_focus/02_human_raw/articles_txt/HP00033.txt,5074
HP00034,cnn,http://web.archive.org/web/20140818073616id_/http://www.cnn.com:80/2014/07/05/us/miami-fatal-boat-crash,"Official: 4 die, a dozen injured in post-fireworks boat crash off Miami",pipelines/cnn_dm_v3_gendered_focus/02_human_raw/articles_txt/HP00034.txt,1208
HP00035,cnn,http://web.archive.org/web/20141117055258id_/http://www.cnn.com/2014/10/07/justice/california-mayor-killed-911-calls/,Mayor's son tells 911 operator his mom defended herself in shooting,pipelines/cnn_dm_v3_gendered_focus/02_human_raw/articles_txt/HP00035.txt,1390
HP00036,cnn,http://web.archive.org/web/20141122193256id_/http://www.cnn.com/2011/CRIME/03/03/new.york.identity.theft/index.html,Brooklyn man convicted of killing ID theft victims,pipelines/cnn_dm_v3_gendered_focus/02_human_raw/articles_txt/HP00036.txt,1822
HP00037,cnn,http://web.archive.org/web/20141010233132id_/http://www.cnn.com:80/2014/06/17/showbiz/tv/aaliyah-movie-zendaya-coleman,Aaliyah movie casts Disney's Zendaya,pipelines/cnn_dm_v3_gendered_focus/02_human_raw/articles_txt/HP00037.txt,3031
HP00038,cnn,http://web.archive.org/web/20130913152439id_/http://edition.cnn.com/2013/09/02/us/miami-lightning-death/index.html,"Miami-area lightning strike kills 1, injures 2",pipelines/cnn_dm_v3_gendered_focus/02_human_raw/articles_txt/HP00038.txt,1703
HP00039,cnn,http://web.archive.org/web/20150202194118id_/http://www.cnn.com/2013/07/01/world/americas/mexico-human-trafficking,Mexico: 46 women rescued after sex trafficking bust - CNN.com,pipelines/cnn_dm_v3_gendered_focus/02_human_raw/articles_txt/HP00039.txt,5174
HP00040,cnn,http://web.archive.org/web/20131014094427id_/http://www.cnn.com:80/2013/09/06/justice/missouri-hiv-arrest,"Police: Missouri man secretly exposed partner, and maybe 300 others, to HIV",pipelines/cnn_dm_v3_gendered_focus/02_human_raw/articles_txt/HP00040.txt,3868
HP00041,cnn,http://web.archive.org/web/20141208132302id_/http://www.cnn.com/2014/10/03/showbiz/kutcher-kunis-baby/,Mila Kunis and Ashton Kutcher's baby's name is...,pipelines/cnn_dm_v3_gendered_focus/02_human_raw/articles_txt/HP00041.txt,8110
HP00042,cnn,http://web.archive.org/web/20150320053733id_/http://www.cnn.com/2013/05/02/world/asia/north-korea-american-sentenced,"'He's not a spy,' says sister of U.S. man sentenced in North Korea - CNN.com",pipelines/cnn_dm_v3_gendered_focus/02_human_raw/articles_txt/HP00042.txt,6934
HP00043,cnn,http://web.archive.org/web/20100709015455id_/http://www.cnn.com:80/2010/CRIME/05/03/texas.death.row.appeal/,High Court refuses to hear appeal of woman on death row - CNN.com,pipelines/cnn_dm_v3_gendered_focus/02_human_raw/articles_txt/HP00043.txt,5474
HP00044,cnn,http://web.archive.org/web/20131214025659id_/http://www.cnn.com:80/2013/12/08/world/asia/thailand-protests/,"Amid protests, Thailand's Prime Minister Yingluck Shinawatra dissolves parliament",pipelines/cnn_dm_v3_gendered_focus/02_human_raw/articles_txt/HP00044.txt,7295
HP00045,cnn,http://web.archive.org/web/20130317045619id_/http://edition.cnn.com/2012/05/11/opinion/cathcart-opinion-brooks-leveson/index.html,Rebekah Brooks at Leveson Inquiry: People's pal or power broker?,pipelines/cnn_dm_v3_gendered_focus/02_human_raw/articles_txt/HP00045.txt,4257
HP00046,cnn,http://web.archive.org/web/20130914152351id_/http://www.cnn.com/2013/03/06/opinion/kim-dumond-korea,Don't be fooled by Dennis Rodman's trip to North Korea,pipelines/cnn_dm_v3_gendered_focus/02_human_raw/articles_txt/HP00046.txt,4358
HP00047,cnn,http://web.archive.org/web/20081207011616id_/http://www.cnn.com:80/2008/SHOWBIZ/TV/11/03/chevy.chase.snl/index.html?iref=topnews,Chevy Chase: I wanted Carter to win - CNN.com,pipelines/cnn_dm_v3_gendered_focus/02_human_raw/articles_txt/HP00047.txt,5855
HP00048,cnn,http://web.archive.org/web/20090718212913id_/http://edition.cnn.com:80/2009/US/07/14/dc.metro.probe/index.html,"DC Metro crash hearing reveals frustrations, harrowing memories - CNN.com",pipelines/cnn_dm_v3_gendered_focus/02_human_raw/articles_txt/HP00048.txt,3611
HP00049,cnn,http://web.archive.org/web/20140926041838id_/http://www.cnn.com:80/2014/09/23/tech/isis-attack-tweet,'Huge explosions shook the city' : Twitter user breaks news of Raqqa airstrikes,pipelines/cnn_dm_v3_gendered_focus/02_human_raw/articles_txt/HP00049.txt,1980
HP00050,cnn,http://web.archive.org/web/20120419215637id_/http://edition.cnn.com/2012/01/13/showbiz/movies/we-need-to-talk-about-kevin-review/index.html,Review: Tilda Swinton is fantastic in 'We Need to Talk About Kevin' - CNN.com,pipelines/cnn_dm_v3_gendered_focus/02_human_raw/articles_txt/HP00050.txt,5156
HP00051,cnn,http://web.archive.org/web/20090227035634id_/http://www.cnn.com/2009/SHOWBIZ/Music/01/14/albums.irpt/index.html?iref=newssearch,Love at first listen: Albums that shaped your lives - CNN.com,pipelines/cnn_dm_v3_gendered_focus/02_human_raw/articles_txt/HP00051.txt,6242
HP00052,cnn,http://web.archive.org/web/20130615104752id_/http://www.cnn.com/2011/10/05/world/meast/iran-bank-scandal,Epic bank scandal investigation hits Ahmadinejad,pipelines/cnn_dm_v3_gendered_focus/02_human_raw/articles_txt/HP00052.txt,10001
HP00053,cnn,http://web.archive.org/web/20100430210444id_/http://edition.cnn.com:80/2010/POLITICS/04/26/arizona.governor.immigration/index.html,"New immigration law won't hurt economy, Arizona governor says - CNN.com",pipelines/cnn_dm_v3_gendered_focus/02_human_raw/articles_txt/HP00053.txt,4203
HP00054,cnn,http://web.archive.org/web/20150531175010id_/http://www.cnn.com/2014/12/28/world/europe/ferry-fire-italy-greece/,"Adriatic ferry fire: All passengers off ship, 10 dead - CNN.com",pipelines/cnn_dm_v3_gendered_focus/02_human_raw/articles_txt/HP00054.txt,4034
HP00055,cnn,http://web.archive.org/web/20150312001036id_/http://us.cnn.com/2014/12/19/opinion/jillette-are-you-enabling-hackers/index.html,"Hackers can't be stopped, but some of their crimes can",pipelines/cnn_dm_v3_gendered_focus/02_human_raw/articles_txt/HP00055.txt,9513
HP00056,cnn,http://web.archive.org/web/20150527044945id_/http://www.cnn.com/2014/08/27/us/who-was-douglas-mccain/,Douglas McCain: American jihadi's family speaks out - CNN.com,pipelines/cnn_dm_v3_gendered_focus/02_human_raw/articles_txt/HP00056.txt,6783
HP00057,cnn,http://web.archive.org/web/20130508013945id_/http://edition.cnn.com:80/2008/TRAVEL/getaways/05/27/inca.alternatives/,So you missed the Inca Trail? A guide to alternate treks - CNN.com,pipelines/cnn_dm_v3_gendered_focus/02_human_raw/articles_txt/HP00057.txt,8135
HP00058,cnn,http://web.archive.org/web/20140628022824id_/http://www.cnn.com/2014/06/27/showbiz/girl-meets-world-premiere/,'Girl Meets World' meets '90s nostalgia,pipelines/cnn_dm_v3_gendered_focus/02_human_raw/articles_txt/HP00058.txt,5659
HP00059,cnn,http://web.archive.org/web/20100608170839id_/http://www.cnn.com:80/2009/LIVING/wayoflife/09/09/Latino.gay/,Gay Latino Americans are 'coming of age' - CNN.com,pipelines/cnn_dm_v3_gendered_focus/02_human_raw/articles_txt/HP00059.txt,7076
HP00060,cnn,http://web.archive.org/web/20141222092458id_/http://www.cnn.com/2013/12/27/justice/connecticut-newtown-shooting-report/,Conn. police release final report on Newtown school shooting,pipelines/cnn_dm_v3_gendered_focus/02_human_raw/articles_txt/HP00060.txt,6750
HP00061,cnn,http://web.archive.org/web/20140928174154id_/http://edition.cnn.com/2009/WORLD/africa/05/18/nigeria.child.witchcraft/,"Abuse of child 'witches' on rise, aid group says - CNN.com",pipelines/cnn_dm_v3_gendered_focus/02_human_raw/articles_txt/HP00061.txt,5408
HP00062,cnn,http://web.archive.org/web/20131124080952id_/http://edition.cnn.com:80/2013/10/02/studentnews/sn-curriculum-thu/index.html,"CNN Student News - October 3, 2013",pipelines/cnn_dm_v3_gendered_focus/02_human_raw/articles_txt/HP00062.txt,3037
HP00063,cnn,http://web.archive.org/web/20150613064213id_/http://www.cnn.com/2010/LIVING/10/22/philly.school.asian.american.attacks/,Racial violence spurred Asian students to take a stand,pipelines/cnn_dm_v3_gendered_focus/02_human_raw/articles_txt/HP00063.txt,5583
HP00064,cnn,http://web.archive.org/web/20130228144808id_/http://www.cnn.com:80/2013/01/24/us/cold-weather,Weather worries prompt school closings in South,pipelines/cnn_dm_v3_gendered_focus/02_human_raw/articles_txt/HP00064.txt,5635
HP00065,cnn,http://web.archive.org/web/20140625080944id_/http://edition.cnn.com/2013/11/20/sport/motorsport/alonso-raikkonen-montezemolo-ferrari-motorsport/,Luca di Montezemolo: 'Alonso and Raikkonen will be equal at Ferrari',pipelines/cnn_dm_v3_gendered_focus/02_human_raw/articles_txt/HP00065.txt,2992
HP00066,cnn,http://web.archive.org/web/20140327105043id_/http://www.cnn.com:80/2011/SPORT/football/08/29/football.arsenal.wenger.united/,Wenger 'hurt' after Man Utd thrashing,pipelines/cnn_dm_v3_gendered_focus/02_human_raw/articles_txt/HP00066.txt,2642
HP00067,cnn,http://web.archive.org/web/20110605032634id_/http://edition.cnn.com:80/2011/WORLD/europe/05/01/vatican.john.paul.beatification/?,Crowds of faithful jam Vatican to honor Pope John Paul II,pipelines/cnn_dm_v3_gendered_focus/02_human_raw/articles_txt/HP00067.txt,6176
HP00068,cnn,http://web.archive.org/web/20130628025810id_/http://www.cnn.com:80/2012/12/18/world/meast/iraq-president-hospitalized,"Iraq's president in stable condition, office says",pipelines/cnn_dm_v3_gendered_focus/02_human_raw/articles_txt/HP00068.txt,4923
HP00069,cnn,http://web.archive.org/web/20150404101530id_/http://www.cnn.com/2014/12/18/justice/boston-bombings-tsarnaev-hearing/,Boston bomb suspect Tsarnaev says he's OK with defense - CNN.com,pipelines/cnn_dm_v3_gendered_focus/02_human_raw/articles_txt/HP00069.txt,6093
HP00070,cnn,http://web.archive.org/web/20130809190853id_/http://www.cnn.com/2013/04/11/world/americas/canada-teen-suicide,"Rape victim's family: We want justice, not vigilante justice",pipelines/cnn_dm_v3_gendered_focus/02_human_raw/articles_txt/HP00070.txt,4784
HP00071,cnn,http://web.archive.org/web/20141129201059id_/http://www.cnn.com:80/2012/09/07/politics/jackson-congress-depression,Rep. Jackson leaves Mayo Clinic after bipolar disorder treatment,pipelines/cnn_dm_v3_gendered_focus/02_human_raw/articles_txt/HP00071.txt,3409
HP00072,cnn,http://web.archive.org/web/20120828024752id_/http://edition.cnn.com:80/2012/07/25/us/california-anaheim-violence/index.html?,"Police shooting, protests rock Los Angeles suburb - CNN.com",pipelines/cnn_dm_v3_gendered_focus/02_human_raw/articles_txt/HP00072.txt,5656
HP00073,cnn,http://web.archive.org/web/20150530141409id_/http://www.cnn.com/2014/07/11/showbiz/celebrity-news-gossip/harry-potter-david-legeno-obit/,'Harry Potter' actor David Legeno dies - CNN.com,pipelines/cnn_dm_v3_gendered_focus/02_human_raw/articles_txt/HP00073.txt,1301
HP00074,cnn,http://web.archive.org/web/20130627075205id_/http://www.cnn.com:80/2011/LIVING/03/18/mf.mr.potato.evolution/index.html,Evolution of Mr. Potato Head,pipelines/cnn_dm_v3_gendered_focus/02_human_raw/articles_txt/HP00074.txt,2898
HP00075,cnn,http://web.archive.org/web/20150330022543id_/http://www.cnn.com/2015/01/21/entertainment/feat-nkotb-tlc-nelly-tour/,"NKOTB, TLC, Nelly announce summer tour - CNN.com",pipelines/cnn_dm_v3_gendered_focus/02_human_raw/articles_txt/HP00075.txt,1220
HP00076,cnn,http://web.archive.org/web/20080307083139id_/http://www.cnn.com:80/2008/CRIME/01/24/marshals.manhunt/index.html?iref=topnews,Suspected killers -- beware of these guys - CNN.com,pipelines/cnn_dm_v3_gendered_focus/02_human_raw/articles_txt/HP00076.txt,5360
HP00077,cnn,http://web.archive.org/web/20141004050141id_/http://www.cnn.com:80/2014/03/31/politics/white-house-shooter-sentenced,Man who wanted to 'take out Obama' gets 25 years,pipelines/cnn_dm_v3_gendered_focus/02_human_raw/articles_txt/HP00077.txt,2176
HP00078,cnn,http://web.archive.org/web/20141013081805id_/http://edition.cnn.com:80/2010/WORLD/europe/08/16/german.singer.hiv.charges/,Girl band singer accused of infecting partner with HIV - CNN.com,pipelines/cnn_dm_v3_gendered_focus/02_human_raw/articles_txt/HP00078.txt,2142
HP00079,cnn,http://web.archive.org/web/20141007152855id_/http://www.cnn.com:80/2014/09/18/politics/grimes-medicare-ad,Grandfather's stroke centerpiece of new Alison Grimes ad,pipelines/cnn_dm_v3_gendered_focus/02_human_raw/articles_txt/HP00079.txt,2449
HP00080,cnn,http://web.archive.org/web/20130122222741id_/http://edition.cnn.com/2011/WORLD/africa/05/28/libya.war/,Libyan opposition welcomes Russia's new position,pipelines/cnn_dm_v3_gendered_focus/02_human_raw/articles_txt/HP00080.txt,2804
HP00081,cnn,http://web.archive.org/web/20140217071230id_/http://www.cnn.com:80/2013/11/05/showbiz/mandela-movie-long-walk-freedom,Mandela movie 'Long Walk To Freedom' gets South Africa premiere,pipelines/cnn_dm_v3_gendered_focus/02_human_raw/articles_txt/HP00081.txt,3127
HP00082,cnn,http://web.archive.org/web/20150501210628id_/http://www.cnn.com/2013/09/28/us/iran-detained-americans/,"U.S. official: Obama, Rouhani discussed fate of three Americans - CNN.com",pipelines/cnn_dm_v3_gendered_focus/02_human_raw/articles_txt/HP00082.txt,6480
HP00083,cnn,http://web.archive.org/web/20100708060735id_/http://edition.cnn.com/2010/WORLD/africa/06/03/somalia.fighting/index.html,Fighting in Somali capital leaves at least 20 dead - CNN.com,pipelines/cnn_dm_v3_gendered_focus/02_human_raw/articles_txt/HP00083.txt,1705
HP00084,cnn,http://web.archive.org/web/20130402113425id_/http://www.cnn.com/2012/03/15/world/meast/syria-al-assad-e-mails,Shopping amid a massacre: Leaked e-mails from Syria's regime,pipelines/cnn_dm_v3_gendered_focus/02_human_raw/articles_txt/HP00084.txt,8225
HP00085,cnn,http://web.archive.org/web/20111217101729id_/http://www.cnn.com/2011/12/15/opinion/neistat-syria-report/index.html,Al-Assad must answer for 'crimes against humanity' - CNN.com,pipelines/cnn_dm_v3_gendered_focus/02_human_raw/articles_txt/HP00085.txt,5380
HP00086,cnn,http://web.archive.org/web/20111114014428id_/http://edition.cnn.com/2009/US/11/13/mosque.seized.reaction/,Muslim-American group protests mosques' link to money laundering case - CNN.com,pipelines/cnn_dm_v3_gendered_focus/02_human_raw/articles_txt/HP00086.txt,5240
HP00087,cnn,http://web.archive.org/web/20150719125752id_/http://edition.cnn.com/2009/CRIME/12/26/airliner.attack.schuringa/index.html,Passenger says he helped thwart terror attack - CNN.com,pipelines/cnn_dm_v3_gendered_focus/02_human_raw/articles_txt/HP00087.txt,2409
HP00088,cnn,http://web.archive.org/web/20150202214050id_/http://www.cnn.com/2014/04/11/opinion/bergen-boston-bombing-awlaki-jihadists/,The man who inspired the Boston bombings - CNN.com,pipelines/cnn_dm_v3_gendered_focus/02_human_raw/articles_txt/HP00088.txt,15262
HP00089,cnn,http://web.archive.org/web/20140429213131id_/http://www.cnn.com:80/2014/01/24/showbiz/justin-bieber,Source: Bieber's blood-alcohol content was below .08%,pipelines/cnn_dm_v3_gendered_focus/02_human_raw/articles_txt/HP00089.txt,3769
HP00090,cnn,http://web.archive.org/web/20130727151911id_/http://www.cnn.com/2012/06/14/travel/overheard-aviation-destinations,You told us: Top 5 spots for plane geeks,pipelines/cnn_dm_v3_gendered_focus/02_human_raw/articles_txt/HP00090.txt,5224
HP00091,cnn,http://web.archive.org/web/20100315100131id_/http://www.cnn.com:80/2009/OPINION/11/05/fitts.baseball.history.japan.matsui/,Matsui and the league that Ruth built - CNN.com,pipelines/cnn_dm_v3_gendered_focus/02_human_raw/articles_txt/HP00091.txt,8150
HP00092,cnn,http://web.archive.org/web/20140810170024id_/http://edition.cnn.com/2010/HEALTH/04/24/spain.face.transplant/,Spanish doctors conduct full face transplant - CNN.com,pipelines/cnn_dm_v3_gendered_focus/02_human_raw/articles_txt/HP00092.txt,1515
HP00093,cnn,http://web.archive.org/web/20130316040212id_/http://www.cnn.com/2011/CRIME/04/21/maryland.north.carolina.body.found/index.html,Body of N.C. honor student missing for months found floating in river,pipelines/cnn_dm_v3_gendered_focus/02_human_raw/articles_txt/HP00093.txt,4833
HP00094,cnn,http://web.archive.org/web/20131212193521id_/http://www.cnn.com/2013/05/06/us/virginia-air-force-arrest,"Hagel: 'Outrage, disgust' as Air Force leader charged with sexual battery",pipelines/cnn_dm_v3_gendered_focus/02_human_raw/articles_txt/HP00094.txt,2552
HP00095,cnn,http://web.archive.org/web/20140627095145id_/http://www.cnn.com:80/2012/05/09/world/europe/queen-elizabeth-biography,Elizabeth II: Young queen who grew into a modern monarch,pipelines/cnn_dm_v3_gendered_focus/02_human_raw/articles_txt/HP00095.txt,6693
HP00096,cnn,http://web.archive.org/web/20120424202609id_/http://www.cnn.com/2012/04/23/justice/pennsylvania-pitt-threats/index.html,Group claims responsibility for Pitt bomb threats - CNN.com,pipelines/cnn_dm_v3_gendered_focus/02_human_raw/articles_txt/HP00096.txt,4558
HP00097,cnn,http://web.archive.org/web/20090901110622id_/http://www.cnn.com:80/2009/WORLD/asiapcf/07/24/india.tide.alert/,High tide alert for India's financial capital - CNN.com,pipelines/cnn_dm_v3_gendered_focus/02_human_raw/articles_txt/HP00097.txt,1043
HP00098,cnn,http://web.archive.org/web/20130915043357id_/http://www.cnn.com:80/2013/07/25/justice/pennsylvania-doctor-suspicious-death/?,Doctor's husband arrested in connection with her death,pipelines/cnn_dm_v3_gendered_focus/02_human_raw/articles_txt/HP00098.txt,2558
HP00099,cnn,http://web.archive.org/web/20110731212122id_/http://www.cnn.com/2011/SPORT/motorsport/07/30/motorsport.hungary.vettel.hamilton/index.html,Vettel back on pole again as he edges Hamilton in Hungary,pipelines/cnn_dm_v3_gendered_focus/02_human_raw/articles_txt/HP00099.txt,1812
HP00100,cnn,http://web.archive.org/web/20150103101512id_/http://edition.cnn.com/2014/09/14/studentnews/sn-content-mon/index.html,"CNN Student News - September 15, 2014",pipelines/cnn_dm_v3_gendered_focus/02_human_raw/articles_txt/HP00100.txt,1272
HP00101,cnn,http://web.archive.org/web/20120625150713id_/http://edition.cnn.com/2012/06/24/world/americas/paraguay-president/,Neighbors pull envoys after Paraguay dumps president - CNN.com,pipelines/cnn_dm_v3_gendered_focus/02_human_raw/articles_txt/HP00101.txt,4423
HP00102,cnn,http://web.archive.org/web/20130807005520id_/http://edition.cnn.com/2013/03/17/sport/skiing-tina-maze,Maze finds her way to slalom success,pipelines/cnn_dm_v3_gendered_focus/02_human_raw/articles_txt/HP00102.txt,3045
HP00103,cnn,http://web.archive.org/web/20131124060159id_/http://www.cnn.com:80/2013/09/19/opinion/gingrich-obama-congress/index.html?,Gingrich: Obama's big debt limit deception,pipelines/cnn_dm_v3_gendered_focus/02_human_raw/articles_txt/HP00103.txt,8185
HP00104,cnn,http://web.archive.org/web/20150404082721id_/http://www.cnn.com/2014/12/18/world/asia/china-aids-boy/,Chinese govt assures care for shunned boy with HIV - CNN.com,pipelines/cnn_dm_v3_gendered_focus/02_human_raw/articles_txt/HP00104.txt,3605
HP00105,cnn,http://web.archive.org/web/20090904153040id_/http://www.cnn.com:80/2009/US/07/27/ny.crash.probe/,Co-pilot on fatal flight thought about not making trip - CNN.com,pipelines/cnn_dm_v3_gendered_focus/02_human_raw/articles_txt/HP00105.txt,1638
HP00106,cnn,http://web.archive.org/web/20141203105726id_/http://edition.cnn.com:80/2014/11/24/sport/football/football-rayo-vallecano-evictions,Rayo Vallecano: 'Beautiful gesture' from 'guardian angel' towards homeless,pipelines/cnn_dm_v3_gendered_focus/02_human_raw/articles_txt/HP00106.txt,6945
HP00107,cnn,http://web.archive.org/web/20150702211027id_/http://www.cnn.com/2014/07/25/world/europe/stranger-than-fiction-joan-fontcuberta/,Photos that make you question reality - CNN.com,pipelines/cnn_dm_v3_gendered_focus/02_human_raw/articles_txt/HP00107.txt,6355
HP00108,cnn,http://web.archive.org/web/20131019010954id_/http://www.cnn.com:80/2013/05/17/showbiz/hfr-sidebar-pittman-qanda,"Clear Channel chief: Technology 'an opportunity, not a risk'",pipelines/cnn_dm_v3_gendered_focus/02_human_raw/articles_txt/HP00108.txt,6006
HP00109,cnn,http://web.archive.org/web/20130916194548id_/http://www.cnn.com/2012/07/26/us/northeast-weather,Storms knock out power to tens of thousands from Plains to Northeast,pipelines/cnn_dm_v3_gendered_focus/02_human_raw/articles_txt/HP00109.txt,3059
HP00110,cnn,http://web.archive.org/web/20130702143251id_/http://edition.cnn.com:80/2013/06/27/sport/football/football-confederations-cup-spain-italy-brazil-final/?,Spain edge past stubborn Italy to create dream final with hosts Brazil,pipelines/cnn_dm_v3_gendered_focus/02_human_raw/articles_txt/HP00110.txt,4835
HP00111,cnn,http://web.archive.org/web/20130123113851id_/http://www.cnn.com/2009/US/10/24/balloon.boy.investigation/index.html,Papers: Wife says 'balloon boy' was hoax - CNN.com,pipelines/cnn_dm_v3_gendered_focus/02_human_raw/articles_txt/HP00111.txt,2197
HP00112,cnn,http://web.archive.org/web/20131212070337id_/http://www.cnn.com/2012/05/22/opinion/brawley-prostate-screening,Prostate cancer screening's false promise,pipelines/cnn_dm_v3_gendered_focus/02_human_raw/articles_txt/HP00112.txt,6027
HP00113,cnn,http://web.archive.org/web/20140822054226id_/http://www.cnn.com:80/2013/11/25/politics/john-kerry-iran/,Negotiator in chief: How John Kerry delivered the Iran deal,pipelines/cnn_dm_v3_gendered_focus/02_human_raw/articles_txt/HP00113.txt,5257
HP00114,cnn,http://web.archive.org/web/20140928202915id_/http://edition.cnn.com/2010/POLITICS/01/07/air.marshal.expansion/index.html,Sources: Feds scrambling to find additional air marshals - CNN.com,pipelines/cnn_dm_v3_gendered_focus/02_human_raw/articles_txt/HP00114.txt,1700
HP00115,cnn,http://web.archive.org/web/20130111113048id_/http://edition.cnn.com:80/2012/12/08/world/europe/northern-ireland-violence/index.html?,Police: Loyalist paramilitaries behind Northern Ireland violence,pipelines/cnn_dm_v3_gendered_focus/02_human_raw/articles_txt/HP00115.txt,4313
HP00116,cnn,http://web.archive.org/web/20150706143430id_/http://www.cnn.com/2015/02/08/asia/airasia-disaster/,Divers pull out more bodies after AirAsia jet crash - CNN.com,pipelines/cnn_dm_v3_gendered_focus/02_human_raw/articles_txt/HP00116.txt,6105
HP00117,cnn,http://web.archive.org/web/20150421074239id_/http://www.cnn.com/2015/01/02/justice/sex-abuse-prince-allegation/,Prince Andrew denies tie to sex ring - CNN.com,pipelines/cnn_dm_v3_gendered_focus/02_human_raw/articles_txt/HP00117.txt,4873
HP00118,cnn,http://web.archive.org/web/20120514134140id_/http://edition.cnn.com/2012/04/02/us/drug-trafficker-sentence/index.html,Former Mexican kingpin is sentenced to 25 years in U.S. prison - CNN.com,pipelines/cnn_dm_v3_gendered_focus/02_human_raw/articles_txt/HP00118.txt,2261
HP00119,cnn,http://web.archive.org/web/20150702211145id_/http://www.cnn.com/2014/08/05/showbiz/tv/big-bang-theory-contracts/,Report: 'Big Bang Theory' contract deal reached - CNN.com,pipelines/cnn_dm_v3_gendered_focus/02_human_raw/articles_txt/HP00119.txt,1804
HP00120,cnn,http://web.archive.org/web/20150529052633id_/http://www.cnn.com/2013/12/26/world/meast/egypt-unrest/,Reports: Dozens of Muslim Brotherhood members arrested across Egypt - CNN.com,pipelines/cnn_dm_v3_gendered_focus/02_human_raw/articles_txt/HP00120.txt,3492
HP00121,cnn,http://web.archive.org/web/20141029141223id_/http://www.cnn.com:80/2014/10/22/world/meast/isis-threat,"U.S. airdrops give much needed aid in Kobani, but did ISIS get some?",pipelines/cnn_dm_v3_gendered_focus/02_human_raw/articles_txt/HP00121.txt,2970
HP00122,cnn,http://web.archive.org/web/20150407045044id_/http://www.cnn.com/2012/11/29/living/war-on-men/,The mythical 'war on men' - CNN.com,pipelines/cnn_dm_v3_gendered_focus/02_human_raw/articles_txt/HP00122.txt,5938
HP00123,cnn,http://web.archive.org/web/20130606073053id_/http://www.cnn.com:80/2013/03/16/world/asia/north-korea-us-nuclear/,North Korea: Nuclear program not a bargaining chip,pipelines/cnn_dm_v3_gendered_focus/02_human_raw/articles_txt/HP00123.txt,6561
HP00124,cnn,http://web.archive.org/web/20130822110120id_/http://www.cnn.com:80/2013/06/18/us/north-carolina-hotel-deaths/?,Medical examiner in North Carolina hotel death cases resigns,pipelines/cnn_dm_v3_gendered_focus/02_human_raw/articles_txt/HP00124.txt,2647
HP00125,cnn,http://web.archive.org/web/20140416055444id_/http://edition.cnn.com:80/2014/04/09/sport/football/colin-kazim-richards-homophobia/,Footballer Colin Kazim-Richards found guilty over homophobic gesture,pipelines/cnn_dm_v3_gendered_focus/02_human_raw/articles_txt/HP00125.txt,2235
HP00126,cnn,http://web.archive.org/web/20150321073354id_/http://www.cnn.com/2014/08/05/living/princeton-review-party-schools-syracuse/,Syracuse named top party school - CNN.com,pipelines/cnn_dm_v3_gendered_focus/02_human_raw/articles_txt/HP00126.txt,3047
HP00127,cnn,http://web.archive.org/web/20141114011031id_/http://www.cnn.com/2013/03/20/world/asia/north-korea-threats/,"North Korea warns that U.S. bases in Guam, Japan are within range",pipelines/cnn_dm_v3_gendered_focus/02_human_raw/articles_txt/HP00127.txt,13789
HP00128,cnn,http://web.archive.org/web/20130303170729id_/http://edition.cnn.com:80/2011/11/17/showbiz/moore-kutcher/index.html?,Demi Moore says she is divorcing Kutcher,pipelines/cnn_dm_v3_gendered_focus/02_human_raw/articles_txt/HP00128.txt,1240
HP00129,cnn,http://web.archive.org/web/20120210064740id_/http://edition.cnn.com/2009/WORLD/africa/03/07/zimbabwe.tsvangirai.wife.accident/index.html,Official: Tsvangirai believes fatal crash was deliberate - CNN.com,pipelines/cnn_dm_v3_gendered_focus/02_human_raw/articles_txt/HP00129.txt,3879
HP00130,cnn,http://web.archive.org/web/20130529071629id_/http://www.cnn.com:80/2013/03/24/us/new-york-meatball-theft,Woman faces federal charges at West Point in alleged theft -- meatballs,pipelines/cnn_dm_v3_gendered_focus/02_human_raw/articles_txt/HP00130.txt,3995
HP00131,cnn,http://web.archive.org/web/20150706161045id_/http://www.cnn.com/2015/02/08/world/al-jazeera-journalist-fahmy-egypt-amal-clooney/,Amal Clooney to push Egypt to free Al Jazeera reporter - CNN.com,pipelines/cnn_dm_v3_gendered_focus/02_human_raw/articles_txt/HP00131.txt,3651
HP00132,cnn,http://web.archive.org/web/20141102183707id_/http://www.cnn.com/2014/04/22/travel/medical-tourism-awards/,First medical tourism awards tout top treatment trips,pipelines/cnn_dm_v3_gendered_focus/02_human_raw/articles_txt/HP00132.txt,2221
HP00133,cnn,http://web.archive.org/web/20140903002722id_/http://www.cnn.com/2013/02/28/us/manning-plea,Pfc. Manning admits leaking classified material that 'upset' him to WikiLeaks,pipelines/cnn_dm_v3_gendered_focus/02_human_raw/articles_txt/HP00133.txt,6135
HP00134,cnn,http://web.archive.org/web/20121105094546id_/http://www.cnn.com:80/2012/09/28/tech/china-smartphone-xiaomi/?,"Move over iPhone: In China, it's cool to call on 'Xiaomi' - CNN.com",pipelines/cnn_dm_v3_gendered_focus/02_human_raw/articles_txt/HP00134.txt,3427
HP00135,cnn,http://web.archive.org/web/20150721063100id_/http://www.cnn.com/2015/02/25/us/unc-academic-fraud/,More lawsuits in UNC classes scandal - CNN.com,pipelines/cnn_dm_v3_gendered_focus/02_human_raw/articles_txt/HP00135.txt,2849
HP00136,cnn,http://web.archive.org/web/20140912175904id_/http://edition.cnn.com/2011/WORLD/asiapcf/07/18/pakistan.executions/index.html,Taliban video shows execution of Pakistani men,pipelines/cnn_dm_v3_gendered_focus/02_human_raw/articles_txt/HP00136.txt,4069
HP00137,cnn,http://web.archive.org/web/20150119183014id_/http://www.cnn.com/2015/01/07/politics/labor-warren-democrats/,"AFL-CIO president trumpets Warren, calls for Dems to pick sides on labor issues in 2015 - CNN.com",pipelines/cnn_dm_v3_gendered_focus/02_human_raw/articles_txt/HP00137.txt,4863
HP00138,cnn,http://web.archive.org/web/20080224214241id_/http://edition.cnn.com:80/2007/US/10/01/rape.tape.girl/index.html,Ex-girlfriend tells how child rape suspect met girl - CNN.com,pipelines/cnn_dm_v3_gendered_focus/02_human_raw/articles_txt/HP00138.txt,3813
HP00139,cnn,http://web.archive.org/web/20141007154109id_/http://edition.cnn.com/2014/07/05/sport/motorsport/f1-rosberg-british-grand-prix-qualifying/index.html,F1: Nico Rosberg claims pole at rain-hit Silverstone,pipelines/cnn_dm_v3_gendered_focus/02_human_raw/articles_txt/HP00139.txt,2777
HP00140,cnn,http://web.archive.org/web/20090502200448id_/http://www.cnn.com:80/2009/WORLD/asiapcf/01/13/nepal.journalist.killed/index.html,Protests continue against murder of Nepalese journalist - CNN.com,pipelines/cnn_dm_v3_gendered_focus/02_human_raw/articles_txt/HP00140.txt,4042
HP00141,cnn,http://web.archive.org/web/20140331141230id_/http://www.cnn.com/2010/WORLD/asiapcf/12/25/pakistan.blast/?hpt=T2,43 killed in bombing targeting U.N. food program in Pakistan,pipelines/cnn_dm_v3_gendered_focus/02_human_raw/articles_txt/HP00141.txt,2748
HP00142,cnn,http://web.archive.org/web/20150403225549id_/http://www.cnn.com/2009/WORLD/americas/06/29/honduras.president.arrested/,Police clash with demonstrators in Honduran capital - CNN.com,pipelines/cnn_dm_v3_gendered_focus/02_human_raw/articles_txt/HP00142.txt,6370
HP00143,cnn,http://web.archive.org/web/20140130002355id_/http://edition.cnn.com:80/2012/02/29/world/asia/new-zealand-captain-guilty/index.html,Captain pleads guilty over New Zealand cargo ship disaster,pipelines/cnn_dm_v3_gendered_focus/02_human_raw/articles_txt/HP00143.txt,1149
HP00144,cnn,http://web.archive.org/web/20140221134232id_/http://www.cnn.com:80/2013/11/10/us/richie-incognito-interview,Richie Incognito: Vulgar text to Jonathan Martin came from 'a place of love',pipelines/cnn_dm_v3_gendered_focus/02_human_raw/articles_txt/HP00144.txt,5429
HP00145,cnn,http://web.archive.org/web/20101209061500id_/http://edition.cnn.com/2010/WORLD/asiapcf/11/28/pakistan.plane.crash/index.html,12 dead after cargo plane crashes in Pakistan,pipelines/cnn_dm_v3_gendered_focus/02_human_raw/articles_txt/HP00145.txt,2151
HP00146,cnn,http://web.archive.org/web/20090323062934id_/http://www.cnn.com:80/2009/WORLD/meast/03/20/obama.iran.video/,Obama offers Iran 'the promise of a new beginning' - CNN.com,pipelines/cnn_dm_v3_gendered_focus/02_human_raw/articles_txt/HP00146.txt,2626
HP00147,cnn,http://web.archive.org/web/20150205102727id_/http://www.cnn.com/2014/01/11/world/meast/obit-ariel-sharon/,"Ariel Sharon, former Israeli Prime Minister, dead at 85 - CNN.com",pipelines/cnn_dm_v3_gendered_focus/02_human_raw/articles_txt/HP00147.txt,16479
HP00148,cnn,http://web.archive.org/web/20110907082319id_/http://www.cnn.com/2011/WORLD/europe/09/06/northern.ireland.terrorist.trial/index.html,Security tight as terrorist trial begins in Northern Ireland,pipelines/cnn_dm_v3_gendered_focus/02_human_raw/articles_txt/HP00148.txt,3218
HP00149,cnn,http://web.archive.org/web/20120115041138id_/http://www.cnn.com:80/2011/12/19/world/asia/north-korea-world-reax/,World reacts to Kim Jong Il's death - CNN.com,pipelines/cnn_dm_v3_gendered_focus/02_human_raw/articles_txt/HP00149.txt,5371
HP00150,cnn,http://web.archive.org/web/20081201133213id_/http://www.cnn.com/2008/US/04/30/palace.takeover/,Native Hawaiians blockade historic palace - CNN.com,pipelines/cnn_dm_v3_gendered_focus/02_human_raw/articles_txt/HP00150.txt,4511
HP00151,cnn,http://web.archive.org/web/20120811211357id_/http://www.cnn.com/2012/06/23/world/americas/mexico-chapo-son/index.html,"Son of Mexican drug lord not arrested, authorities say - CNN.com",pipelines/cnn_dm_v3_gendered_focus/02_human_raw/articles_txt/HP00151.txt,3127
HP00152,cnn,http://web.archive.org/web/20100317010159id_/http://edition.cnn.com:80/2009/POLITICS/10/12/flotus.obama.dolls/,White House mum on Michelle Obama doll - CNN.com,pipelines/cnn_dm_v3_gendered_focus/02_human_raw/articles_txt/HP00152.txt,2172
HP00153,cnn,http://web.archive.org/web/20121031001531id_/http://edition.cnn.com:80/2012/08/16/sport/tennis/federer-nadal-djokovic-murray-tennis/index.html,Federer and Djokovic concerned about injured tennis rival Nadal's future - CNN.com,pipelines/cnn_dm_v3_gendered_focus/02_human_raw/articles_txt/HP00153.txt,4810
HP00154,cnn,http://web.archive.org/web/20150703144121id_/http://www.cnn.com/2014/03/04/world/asia/south-koreas-first-female-president/,"South Korea's first female president intimidated? Yeah, right",pipelines/cnn_dm_v3_gendered_focus/02_human_raw/articles_txt/HP00154.txt,4557
HP00155,cnn,http://web.archive.org/web/20120419154405id_/http://edition.cnn.com/2011/SPORT/motorsport/07/10/motorsport.f1.alonso.silverstone/,Alonso claims British win for Ferrari,pipelines/cnn_dm_v3_gendered_focus/02_human_raw/articles_txt/HP00155.txt,2379
HP00156,cnn,http://web.archive.org/web/20130907073909id_/http://edition.cnn.com/2010/WORLD/asiapcf/12/10/taliban.refsdal.inside.look/index.html,Life among U.S. enemies: Embedded with the Taliban,pipelines/cnn_dm_v3_gendered_focus/02_human_raw/articles_txt/HP00156.txt,6691
HP00157,cnn,http://web.archive.org/web/20140415024556id_/http://www.cnn.com:80/2014/03/05/world/meast/an-exclusive-peek-inside-largest-mall/?,Take a look inside the world's largest mall,pipelines/cnn_dm_v3_gendered_focus/02_human_raw/articles_txt/HP00157.txt,2694
HP00158,cnn,http://web.archive.org/web/20120714112704id_/http://www.cnn.com/2012/03/06/opinion/stepp-birth-control/index.html,Why don't men in favor of birth control speak up? - CNN.com,pipelines/cnn_dm_v3_gendered_focus/02_human_raw/articles_txt/HP00158.txt,5555
HP00159,cnn,http://web.archive.org/web/20080912201743id_/http://edition.cnn.com:80/2008/WORLD/europe/08/22/plane.crash.madrid/index.html?iref=topnews,Madrid plane burst into flames after runway skid - CNN.com,pipelines/cnn_dm_v3_gendered_focus/02_human_raw/articles_txt/HP00159.txt,4408
HP00160,cnn,http://web.archive.org/web/20150618075033id_/http://www.cnn.com/2014/10/07/opinion/maynard-assisted-suicide-cancer-dignity/,My right to death with dignity at 29,pipelines/cnn_dm_v3_gendered_focus/02_human_raw/articles_txt/HP00160.txt,5302
HP00161,cnn,http://web.archive.org/web/20130107024436id_/http://edition.cnn.com/2012/07/26/sport/motorsport/f1-ferrari-alonso-hungary/index.html,Ferrari chief 'concerned' by F1 rivals' progress - CNN.com,pipelines/cnn_dm_v3_gendered_focus/02_human_raw/articles_txt/HP00161.txt,6013
HP00162,cnn,http://web.archive.org/web/20140215062636id_/http://www.cnn.com:80/2013/12/23/opinion/zelizer-six-questions-for-2014,Six questions for 2014,pipelines/cnn_dm_v3_gendered_focus/02_human_raw/articles_txt/HP00162.txt,26484
HP00163,cnn,http://web.archive.org/web/20100515153642id_/http://www.cnn.com:80/2010/US/studentnews/05/09/transcript.mon/,"CNN Student News Transcript: May 10, 2010 - CNN.com",pipelines/cnn_dm_v3_gendered_focus/02_human_raw/articles_txt/HP00163.txt,9565
HP00164,cnn,http://web.archive.org/web/20140515092643id_/http://edition.cnn.com:80/2009/SHOWBIZ/TV/12/28/charlie.sheen.image/,Why scandals don't faze Charlie Sheen's career - CNN.com,pipelines/cnn_dm_v3_gendered_focus/02_human_raw/articles_txt/HP00164.txt,5955
HP00165,cnn,http://web.archive.org/web/20090609175822id_/http://www.cnn.com/2007/WORLD/asiapcf/10/02/kabul.blast.ireport/index.html,I-Reporter shares firsthand account of suicide bomb attack - CNN.com,pipelines/cnn_dm_v3_gendered_focus/02_human_raw/articles_txt/HP00165.txt,1895
HP00166,cnn,http://web.archive.org/web/20140222222850id_/http://edition.cnn.com/2014/02/14/world/europe/italy-prime-minister-resignation/,Italy's Prime Minister Enrico Letta resigns,pipelines/cnn_dm_v3_gendered_focus/02_human_raw/articles_txt/HP00166.txt,4870
HP00167,cnn,http://web.archive.org/web/20100413163821id_/http://www.cnn.com:80/2007/US/07/17/wrestler.murder/index.html,"Wrestler's slain son was probably sedated, investigators say - CNN.com",pipelines/cnn_dm_v3_gendered_focus/02_human_raw/articles_txt/HP00167.txt,3962
HP00168,cnn,http://web.archive.org/web/20101001214215id_/http://edition.cnn.com:80/2010/WORLD/europe/07/28/france.dead.babies/index.html,Woman charged in France over babies' bodies - CNN.com,pipelines/cnn_dm_v3_gendered_focus/02_human_raw/articles_txt/HP00168.txt,2489
HP00169,cnn,http://web.archive.org/web/20131013030830id_/http://www.cnn.com:80/2013/10/09/world/asia/china-xinjiang-arrests/?,Chinese police in crackdown on 'online jihad',pipelines/cnn_dm_v3_gendered_focus/02_human_raw/articles_txt/HP00169.txt,1938
HP00170,cnn,http://web.archive.org/web/20131224063615id_/http://www.cnn.com/2013/05/31/politics/obama-student-loans,Obama repeats strategy in student loan fight,pipelines/cnn_dm_v3_gendered_focus/02_human_raw/articles_txt/HP00170.txt,5025
HP00171,cnn,http://web.archive.org/web/20141021102245id_/http://edition.cnn.com/2010/WORLD/asiapcf/05/19/china.knife.attack/index.html,9 wounded in latest knife attack in China - CNN.com,pipelines/cnn_dm_v3_gendered_focus/02_human_raw/articles_txt/HP00171.txt,1122
HP00172,cnn,http://web.archive.org/web/20150710082241id_/http://www.cnn.com/2015/02/12/opinion/begala-stewart-blew-up-crossfire/,Begala: The day Jon Stewart blew up my show - CNN.com,pipelines/cnn_dm_v3_gendered_focus/02_human_raw/articles_txt/HP00172.txt,6529
HP00173,cnn,http://web.archive.org/web/20130328214700id_/http://www.cnn.com:80/2013/02/20/world/europe/bulgaria-government,Bulgaria's government resigns amid protests,pipelines/cnn_dm_v3_gendered_focus/02_human_raw/articles_txt/HP00173.txt,3605
HP00174,cnn,http://web.archive.org/web/20141222093414id_/http://www.cnn.com/2013/08/05/world/asia/china-human-breast-milk-sales/,Chinese mothers cash in on formula scare by selling human milk,pipelines/cnn_dm_v3_gendered_focus/02_human_raw/articles_txt/HP00174.txt,4224
HP00175,cnn,http://web.archive.org/web/20130816235454id_/http://www.cnn.com:80/2013/08/12/business/ryanair-safety-concerns/index.html,Ryanair pilots raise safety concerns,pipelines/cnn_dm_v3_gendered_focus/02_human_raw/articles_txt/HP00175.txt,3147
HP00176,cnn,http://web.archive.org/web/20140221022847id_/http://edition.cnn.com:80/2013/09/11/sport/golf/shevchenko-golf-ukraine-soccer,Andriy Shevchenko struggles in professional golf debut,pipelines/cnn_dm_v3_gendered_focus/02_human_raw/articles_txt/HP00176.txt,3200
HP00177,cnn,http://web.archive.org/web/20150403143358id_/http://www.cnn.com/2009/US/09/23/california.border.shooting/,Mexican smugglers use Pacific as new route - CNN.com,pipelines/cnn_dm_v3_gendered_focus/02_human_raw/articles_txt/HP00177.txt,5327
HP00178,cnn,http://web.archive.org/web/20131224134527id_/http://www.cnn.com/2012/11/17/world/meast/syria-civil-war,Syrian opposition coalition gets ambassador to France,pipelines/cnn_dm_v3_gendered_focus/02_human_raw/articles_txt/HP00178.txt,2444
HP00179,cnn,http://web.archive.org/web/20130122180243id_/http://edition.cnn.com:80/2009/SHOWBIZ/07/29/wedding.dance.couple/index.html,Couple boogies into spotlight with viral wedding video - CNN.com,pipelines/cnn_dm_v3_gendered_focus/02_human_raw/articles_txt/HP00179.txt,6253
HP00180,cnn,http://web.archive.org/web/20090219163748id_/http://edition.cnn.com:80/2009/WORLD/asiapcf/02/18/srilanka.india.warzone/,"India: 70,000 trapped in Sri Lanka war zone - CNN.com",pipelines/cnn_dm_v3_gendered_focus/02_human_raw/articles_txt/HP00180.txt,1479
HP00181,cnn,http://web.archive.org/web/20141126032501id_/http://www.cnn.com:80/2007/LIVING/personal/12/27/new.year.eve/index.html?,Alternatives to New Year's Eve parties - CNN.com,pipelines/cnn_dm_v3_gendered_focus/02_human_raw/articles_txt/HP00181.txt,5004
HP00182,cnn,http://web.archive.org/web/20131211062005id_/http://www.cnn.com:80/2013/10/11/justice/tennessee-vanderbilt-football-rape-case,California man surrenders in Vanderbilt football rape case,pipelines/cnn_dm_v3_gendered_focus/02_human_raw/articles_txt/HP00182.txt,1785
HP00183,cnn,http://web.archive.org/web/20150214134031id_/http://edition.cnn.com/2013/11/28/sport/football/zahir-belounis-qatar-paris-football/,Zahir Belounis: 'Stranded' footballer back in Paris after Qatar nightmare,pipelines/cnn_dm_v3_gendered_focus/02_human_raw/articles_txt/HP00183.txt,4546
HP00184,cnn,http://web.archive.org/web/20141018082532id_/http://www.cnn.com:80/2013/01/16/showbiz/tv/oprah-winfrey-confessional-tv,Oprah: Our collective confessional,pipelines/cnn_dm_v3_gendered_focus/02_human_raw/articles_txt/HP00184.txt,6898
HP00185,cnn,http://web.archive.org/web/20130207072228id_/http://www.cnn.com:80/2013/01/30/justice/kentucky-terror-sentences,Iraqi men living in Kentucky go to prison for plot to help al Qaeda,pipelines/cnn_dm_v3_gendered_focus/02_human_raw/articles_txt/HP00185.txt,4073
HP00186,cnn,http://web.archive.org/web/20100919225605id_/http://www.cnn.com/2010/SPORT/football/08/13/chelsea.ramires.transfer/index.html,Brazilian Ramires makes Chelsea move - CNN.com,pipelines/cnn_dm_v3_gendered_focus/02_human_raw/articles_txt/HP00186.txt,1355
HP00187,cnn,http://web.archive.org/web/20150221130108id_/http://www.cnn.com/2014/10/08/living/death-dignity-brittany-maynard/,Dying young: Why Brittany Maynard's story resonates - CNN.com,pipelines/cnn_dm_v3_gendered_focus/02_human_raw/articles_txt/HP00187.txt,5582
HP00188,cnn,http://web.archive.org/web/20130512215344id_/http://www.cnn.com/2013/05/07/opinion/kundnani-terror-mosques-surveillance,Missing the best chance to prevent terror bombing,pipelines/cnn_dm_v3_gendered_focus/02_human_raw/articles_txt/HP00188.txt,7382
HP00189,cnn,http://web.archive.org/web/20090423190224id_/http://edition.cnn.com:80/2008/SHOWBIZ/12/25/obit.pinter/,Nobel winner Harold Pinter dies at 78 - CNN.com,pipelines/cnn_dm_v3_gendered_focus/02_human_raw/articles_txt/HP00189.txt,4300
HP00190,cnn,http://web.archive.org/web/20121128054559id_/http://www.cnn.com:80/2011/WORLD/africa/09/12/uganda.bombing.trial/index.html,Kenyan rights activist released as Uganda bombings trial opens,pipelines/cnn_dm_v3_gendered_focus/02_human_raw/articles_txt/HP00190.txt,2354
HP00191,cnn,http://web.archive.org/web/20150405132926id_/http://www.cnn.com/2014/12/19/world/asia/north-korea-rights-hack/,"Hack North Korea back, says human rights group - CNN.com",pipelines/cnn_dm_v3_gendered_focus/02_human_raw/articles_txt/HP00191.txt,5565
HP00192,cnn,http://web.archive.org/web/20131224084725id_/http://edition.cnn.com/2011/11/18/sport/motorsport/motorsport-motogp-suzuki/index.html,Suzuki confirm withdrawal from MotoGP,pipelines/cnn_dm_v3_gendered_focus/02_human_raw/articles_txt/HP00192.txt,1571
HP00193,cnn,http://web.archive.org/web/20140215040050id_/http://www.cnn.com:80/2013/10/27/showbiz/conrad-murray-release/,Conrad Murray's jail time for killing Michael Jackson ends Monday,pipelines/cnn_dm_v3_gendered_focus/02_human_raw/articles_txt/HP00193.txt,2990
HP00194,cnn,http://web.archive.org/web/20100406110325id_/http://edition.cnn.com:80/2010/SPORT/02/23/cricket.lee.retirement/index.html,Australian bowler Lee quits Test cricket - CNN.com,pipelines/cnn_dm_v3_gendered_focus/02_human_raw/articles_txt/HP00194.txt,1182
HP00195,cnn,http://web.archive.org/web/20120110095242id_/http://edition.cnn.com/2009/POLITICS/07/28/afghanistan.troops/,"Request for more troops in Afghanistan likely, source says - CNN.com",pipelines/cnn_dm_v3_gendered_focus/02_human_raw/articles_txt/HP00195.txt,2460
HP00196,cnn,http://web.archive.org/web/20140618125857id_/http://www.cnn.com/2014/05/06/opinion/south-africa-zuma-anc/,"Opinion: Zuma will win power, but ANC is losing respect",pipelines/cnn_dm_v3_gendered_focus/02_human_raw/articles_txt/HP00196.txt,7258
HP00197,cnn,http://web.archive.org/web/20100311193627id_/http://www.cnn.com:80/2008/LIVING/10/09/heroes.top10/,CNN reveals Top 10 Heroes of 2008 - CNN.com,pipelines/cnn_dm_v3_gendered_focus/02_human_raw/articles_txt/HP00197.txt,5366
HP00198,cnn,http://web.archive.org/web/20090426001358id_/http://edition.cnn.com:80/2009/WORLD/asiapcf/01/25/thailand.refugees/?,Probe questions fate of refugees in Thailand - CNN.com,pipelines/cnn_dm_v3_gendered_focus/02_human_raw/articles_txt/HP00198.txt,4838
HP00199,cnn,http://web.archive.org/web/20131222215935id_/http://www.cnn.com:80/2012/12/18/opinion/zuckerman-gergen-inouye,"Inouye: Man of courage, humanity, dignity",pipelines/cnn_dm_v3_gendered_focus/02_human_raw/articles_txt/HP00199.txt,5965
HP00200,cnn,http://web.archive.org/web/20131029130018id_/http://www.cnn.com/2013/07/31/politics/nsa-surveillance/,Top senator questions need to collect phone records,pipelines/cnn_dm_v3_gendered_focus/02_human_raw/articles_txt/HP00200.txt,18393
HP00201,cnn,http://web.archive.org/web/20130227105952id_/http://www.cnn.com/2013/02/21/us/lincoln-babysitter,Mrs. Lincoln seeks a baby-sitter in newly published letter,pipelines/cnn_dm_v3_gendered_focus/02_human_raw/articles_txt/HP00201.txt,4369
HP00202,cnn,http://web.archive.org/web/20131031093339id_/http://edition.cnn.com:80/2013/10/27/world/africa/congo-peacekeeper-killed/index.html?,U.N. peacekeeper killed in Africa,pipelines/cnn_dm_v3_gendered_focus/02_human_raw/articles_txt/HP00202.txt,4231
HP00203,cnn,http://web.archive.org/web/20120818032400id_/http://edition.cnn.com:80/2011/SPORT/tennis/08/12/tennis.federer.tsonga.djokovic/index.html,Federer crashes out of Rogers Cup after defeat by Tsonga,pipelines/cnn_dm_v3_gendered_focus/02_human_raw/articles_txt/HP00203.txt,2237
HP00204,cnn,http://web.archive.org/web/20100210151145id_/http://www.cnn.com:80/2009/US/10/27/illinois.bar.racism.allegation/,Resolution may be near between students and bar accused of racism - CNN.com,pipelines/cnn_dm_v3_gendered_focus/02_human_raw/articles_txt/HP00204.txt,2672
HP00205,cnn,http://web.archive.org/web/20140826030927id_/http://www.cnn.com/2013/10/16/world/asia/japan-typhoon-deaths/,"Typhoon Wipha hits Tokyo area, killing at least 18",pipelines/cnn_dm_v3_gendered_focus/02_human_raw/articles_txt/HP00205.txt,1303
HP00206,cnn,http://web.archive.org/web/20090714024355id_/http://www.cnn.com:80/2009/US/06/09/south.dakota.lottery.winner/index.html?eref=rss_us,Cowboy who won $232 million lottery known as 'good kid' - CNN.com,pipelines/cnn_dm_v3_gendered_focus/02_human_raw/articles_txt/HP00206.txt,3305
HP00207,cnn,http://web.archive.org/web/20120802222333id_/http://www.cnn.com/2012/07/19/sport/valverde-tour-wiggins-cycling/index.html,Valverde wins Stage 17 as Wiggins closes in on historic victory - CNN.com,pipelines/cnn_dm_v3_gendered_focus/02_human_raw/articles_txt/HP00207.txt,28834
HP00208,cnn,http://web.archive.org/web/20150703094858id_/http://www.cnn.com/2014/02/20/world/asia/koreas-reunion/,Koreas hold first reunion in three years - CNN.com,pipelines/cnn_dm_v3_gendered_focus/02_human_raw/articles_txt/HP00208.txt,5513
HP00209,cnn,http://web.archive.org/web/20120117004129id_/http://edition.cnn.com:80/2012/01/12/world/europe/vice-guide-to-balkans/?,Kosovo gypsies living in 'toxic' camps - CNN.com,pipelines/cnn_dm_v3_gendered_focus/02_human_raw/articles_txt/HP00209.txt,4699
HP00210,cnn,http://web.archive.org/web/20140727163348id_/http://edition.cnn.com:80/2009/WORLD/europe/08/11/geneva.conventions.anniversary/,Geneva Conventions 'still relevant but better compliance needed' - CNN.com,pipelines/cnn_dm_v3_gendered_focus/02_human_raw/articles_txt/HP00210.txt,6126
HP00211,cnn,http://web.archive.org/web/20140825114129id_/http://www.cnn.com/2011/US/08/13/indiana.stage.collapse/,Stage collapse at Indiana State Fair kills at least 4,pipelines/cnn_dm_v3_gendered_focus/02_human_raw/articles_txt/HP00211.txt,1722
HP00212,cnn,http://web.archive.org/web/20150331193759id_/http://www.cnn.com/2013/10/14/politics/supreme-court-affirmative/,Supreme Court tackles new affirmative action case - CNN.com,pipelines/cnn_dm_v3_gendered_focus/02_human_raw/articles_txt/HP00212.txt,7088
HP00213,cnn,http://web.archive.org/web/20140912093714id_/http://www.cnn.com/2013/06/06/politics/congress-irs-waste/,'Mr. Spock' in IRS video apologizes for 'embarrassing' mistake,pipelines/cnn_dm_v3_gendered_focus/02_human_raw/articles_txt/HP00213.txt,7309
HP00214,cnn,http://web.archive.org/web/20140822112135id_/http://www.cnn.com/2008/WORLD/africa/06/26/mandela.machel/,Wife: Nelson Mandela has one regret - CNN.com,pipelines/cnn_dm_v3_gendered_focus/02_human_raw/articles_txt/HP00214.txt,3226
HP00215,cnn,http://web.archive.org/web/20140818090720id_/http://www.cnn.com/2009/TRAVEL/06/12/banksy.bristol/,Graffiti artist Banksy unveils largest project to date - CNN.com,pipelines/cnn_dm_v3_gendered_focus/02_human_raw/articles_txt/HP00215.txt,2328
HP00216,cnn,http://web.archive.org/web/20140322084134id_/http://www.cnn.com:80/2014/03/18/showbiz/tv/dancing-with-the-stars-season-18,'Dancing With the Stars' returns with a face-lift,pipelines/cnn_dm_v3_gendered_focus/02_human_raw/articles_txt/HP00216.txt,4570
HP00217,cnn,http://web.archive.org/web/20131217184856id_/http://www.cnn.com/2012/11/28/world/africa/congo-unrest,Democratic Republic of Congo rebels say they will leave captured Goma,pipelines/cnn_dm_v3_gendered_focus/02_human_raw/articles_txt/HP00217.txt,5756
HP00218,cnn,http://web.archive.org/web/20140817063651id_/http://www.cnn.com/2010/WORLD/asiapcf/06/15/pakistan.us.detention/,American arrested searching for Osama bin Laden - CNN.com,pipelines/cnn_dm_v3_gendered_focus/02_human_raw/articles_txt/HP00218.txt,3388
HP00219,cnn,http://web.archive.org/web/20140216062725id_/http://www.cnn.com:80/2013/08/23/tech/innovation/microsoft-ballmer-hits-misses/,Hits and misses of the Steve Ballmer era at Microsoft,pipelines/cnn_dm_v3_gendered_focus/02_human_raw/articles_txt/HP00219.txt,4313
HP00220,cnn,http://web.archive.org/web/20141112171410id_/http://www.cnn.com:80/2011/TECH/social.media/01/10/fb.shutdown.rumor.mashable/,Facebook NOT shutting down March 15,pipelines/cnn_dm_v3_gendered_focus/02_human_raw/articles_txt/HP00220.txt,1237
HP00221,cnn,http://web.archive.org/web/20110905071523id_/http://www.cnn.com:80/2011/TECH/mobile/04/28/verizon.fix.lte.mashable/index.html,Verizon says 4G data outage is fixed,pipelines/cnn_dm_v3_gendered_focus/02_human_raw/articles_txt/HP00221.txt,1023
HP00222,cnn,http://web.archive.org/web/20131113014647id_/http://www.cnn.com/2013/07/26/politics/women-on-currency/,Legal tender equality: Americans lack a paper money woman,pipelines/cnn_dm_v3_gendered_focus/02_human_raw/articles_txt/HP00222.txt,4151
HP00223,cnn,http://web.archive.org/web/20150702031227id_/http://www.cnn.com/2014/05/12/health/mers-outbreak-u-s-/,Second U.S. case of MERS confirmed - CNN.com,pipelines/cnn_dm_v3_gendered_focus/02_human_raw/articles_txt/HP00223.txt,4646
HP00224,cnn,http://web.archive.org/web/20090917074834id_/http://www.cnn.com:80/2009/WORLD/asiapcf/07/15/india.space/,India's space odyssey: Moon dreams move east - CNN.com,pipelines/cnn_dm_v3_gendered_focus/02_human_raw/articles_txt/HP00224.txt,4694
HP00225,cnn,http://web.archive.org/web/20150601202700id_/http://www.cnn.com/2014/05/30/travel/wildlife-photography-irpt/,53 spectacular wildlife photos around the world - CNN.com,pipelines/cnn_dm_v3_gendered_focus/02_human_raw/articles_txt/HP00225.txt,7924
HP00226,cnn,http://web.archive.org/web/20141219200243id_/http://www.cnn.com/2014/04/06/us/california-street-party-melee/,'Deltopia' party in California turns violent; dozens arrested,pipelines/cnn_dm_v3_gendered_focus/02_human_raw/articles_txt/HP00226.txt,1615
HP00227,cnn,http://web.archive.org/web/20111223190106id_/http://edition.cnn.com:80/2011/US/studentnews/05/30/transcript.tue/index.html,"CNN Student News Transcript: May 31, 2011",pipelines/cnn_dm_v3_gendered_focus/02_human_raw/articles_txt/HP00227.txt,9000
HP00228,cnn,http://web.archive.org/web/20141209120755id_/http://www.cnn.com/2014/10/26/politics/ebola-quarantine-christie-white-house/,Christie's office: Quarantined woman headed to Maine,pipelines/cnn_dm_v3_gendered_focus/02_human_raw/articles_txt/HP00228.txt,16360
HP00229,cnn,http://web.archive.org/web/20131218051519id_/http://www.cnn.com/2010/US/07/28/wisconsin.roush.crash/,"Racing team owner Roush's plane cartwheeled, NTSB says - CNN.com",pipelines/cnn_dm_v3_gendered_focus/02_human_raw/articles_txt/HP00229.txt,2828
HP00230,cnn,http://web.archive.org/web/20150106180100id_/http://www.cnn.com/2014/09/22/politics/panetta-splits-with-obama/,Leon Panetta: Should have armed Syrian rebels sooner - CNN.com,pipelines/cnn_dm_v3_gendered_focus/02_human_raw/articles_txt/HP00230.txt,3805
HP00231,cnn,http://web.archive.org/web/20140420063923id_/http://www.cnn.com:80/2014/04/08/justice/miami-police-lieutenant-arrested/,"Miami cop accused of helping drug traffickers get guns, plot killing",pipelines/cnn_dm_v3_gendered_focus/02_human_raw/articles_txt/HP00231.txt,2544
HP00232,cnn,http://web.archive.org/web/20150704002422id_/http://www.cnn.com/2013/12/04/us/florida-everglades-whales-trapped/,Survival 'expectation low' for stranded pilot whales in Everglades - CNN.com,pipelines/cnn_dm_v3_gendered_focus/02_human_raw/articles_txt/HP00232.txt,3870
HP00233,cnn,http://web.archive.org/web/20130827203119id_/http://www.cnn.com/2010/CRIME/10/19/dc.pentagon.shots.fired/,Official: Shooting at Pentagon appears to be a 'random incident',pipelines/cnn_dm_v3_gendered_focus/02_human_raw/articles_txt/HP00233.txt,3391
HP00234,cnn,http://web.archive.org/web/20090418073522id_/http://www.cnn.com:80/2009/POLITICS/04/16/us.torture.documents/index.html?eref=onion,2002 memo: Had to be intent to inflict 'severe pain' to be torture - CNN.com,pipelines/cnn_dm_v3_gendered_focus/02_human_raw/articles_txt/HP00234.txt,7031
HP00235,cnn,http://web.archive.org/web/20140729134904id_/http://edition.cnn.com/2011/SPORT/golf/07/29/golf.bobby.jones.pga.profile/index.html,Bobby Jones: The gentleman who shaped modern golf,pipelines/cnn_dm_v3_gendered_focus/02_human_raw/articles_txt/HP00235.txt,6539
HP00236,cnn,http://web.archive.org/web/20140729015910id_/http://www.cnn.com/2011/WORLD/asiapcf/01/02/pakistan.government/,New defection leaves Pakistan with minority government,pipelines/cnn_dm_v3_gendered_focus/02_human_raw/articles_txt/HP00236.txt,2088
HP00237,cnn,http://web.archive.org/web/20090717073802id_/http://edition.cnn.com:80/2009/WORLD/americas/06/13/mexico.daycare.fire/index.html,Another child dies after Mexico day care fire - CNN.com,pipelines/cnn_dm_v3_gendered_focus/02_human_raw/articles_txt/HP00237.txt,1585
HP00238,cnn,http://web.archive.org/web/20150623083927id_/http://www.cnn.com/2012/09/21/world/anti-islam-film-protests,"Death, destruction in Pakistan amid protests tied to anti-Islam film - CNN.com",pipelines/cnn_dm_v3_gendered_focus/02_human_raw/articles_txt/HP00238.txt,29011
HP00239,cnn,http://web.archive.org/web/20130716160135id_/http://www.cnn.com:80/2013/06/09/justice/maryland-nj-detective-road-rage,"Police: Apparent road rage led to fatal shooting, charges for N.J. detective",pipelines/cnn_dm_v3_gendered_focus/02_human_raw/articles_txt/HP00239.txt,1373
HP00240,cnn,http://web.archive.org/web/20141019105517id_/http://edition.cnn.com:80/2008/WORLD/europe/04/03/collaboration.spirit/index.html?,Is collaboration the future of invention? - CNN.com,pipelines/cnn_dm_v3_gendered_focus/02_human_raw/articles_txt/HP00240.txt,5690
HP00241,cnn,http://web.archive.org/web/20141103204547id_/http://www.cnn.com:80/2014/10/21/politics/clinton-female-voters-colorado/,Hillary Clinton finds a campaign message in personal speech,pipelines/cnn_dm_v3_gendered_focus/02_human_raw/articles_txt/HP00241.txt,2958
HP00242,cnn,http://web.archive.org/web/20150417181633id_/http://www.cnn.com/2014/07/18/justice/florida-father-beats-suspect/,Dad's 911 call: I've beaten up my son's assailant - CNN.com,pipelines/cnn_dm_v3_gendered_focus/02_human_raw/articles_txt/HP00242.txt,2800
HP00243,cnn,http://web.archive.org/web/20150113154605id_/http://www.cnn.com/2014/08/28/world/europe/france-suspected-isis-link/,Raid on ISIS suspect in the French Riviera - CNN.com,pipelines/cnn_dm_v3_gendered_focus/02_human_raw/articles_txt/HP00243.txt,14268
HP00244,cnn,http://web.archive.org/web/20140108080820id_/http://www.cnn.com/2010/US/02/19/tiger.woods/,"Tiger Woods says, 'I am so sorry' in public apology - CNN.com",pipelines/cnn_dm_v3_gendered_focus/02_human_raw/articles_txt/HP00244.txt,7859
HP00245,cnn,http://web.archive.org/web/20110603040659id_/http://edition.cnn.com/2011/WORLD/meast/05/20/us.army.of.islam/index.html,U.S. designates Palestinian militant group as terror entity,pipelines/cnn_dm_v3_gendered_focus/02_human_raw/articles_txt/HP00245.txt,3448
HP00246,cnn,http://web.archive.org/web/20150428204946id_/http://edition.cnn.com/2008/POLITICS/10/29/palin.noose/,Anger over Halloween display of Palin with noose - CNN.com,pipelines/cnn_dm_v3_gendered_focus/02_human_raw/articles_txt/HP00246.txt,2315
HP00247,cnn,http://web.archive.org/web/20090719112603id_/http://edition.cnn.com:80/2009/SHOWBIZ/Music/07/17/jackson.rowe.custody/index.html?iref=mpstoryview,Custody hearing for Michael Jackson's kids delayed again - CNN.com,pipelines/cnn_dm_v3_gendered_focus/02_human_raw/articles_txt/HP00247.txt,5846
HP00248,cnn,http://web.archive.org/web/20131130040841id_/http://www.cnn.com:80/2013/11/15/opinion/sabato-jfk-assassination/?,Is there more to JFK assassination?,pipelines/cnn_dm_v3_gendered_focus/02_human_raw/articles_txt/HP00248.txt,8737
HP00249,cnn,http://web.archive.org/web/20100722071807id_/http://www.cnn.com:80/2009/POLITICS/06/19/begala.health.care/,Commentary: Health care outrage goes uncovered - CNN.com,pipelines/cnn_dm_v3_gendered_focus/02_human_raw/articles_txt/HP00249.txt,6021
HP00250,cnn,http://web.archive.org/web/20130806234448id_/http://edition.cnn.com/2012/01/17/world/europe/royal-yacht/index.html,How to design a yacht fit for a Queen - CNN.com,pipelines/cnn_dm_v3_gendered_focus/02_human_raw/articles_txt/HP00250.txt,4598
HP00251,cnn,http://web.archive.org/web/20130126215851id_/http://edition.cnn.com/2012/01/03/justice/texas-warren-jeffs/index.html,Texas officials suspend Warren Jeffs' phone privileges,pipelines/cnn_dm_v3_gendered_focus/02_human_raw/articles_txt/HP00251.txt,2533
HP00252,cnn,http://web.archive.org/web/20140903034519id_/http://www.cnn.com/2012/08/08/us/military-white-supremacists/,Wisconsin gunman's Army base had white supremacists,pipelines/cnn_dm_v3_gendered_focus/02_human_raw/articles_txt/HP00252.txt,6964
HP00253,cnn,http://web.archive.org/web/20150423223332id_/http://www.cnn.com/2007/US/10/23/wildfire.ca/,"Unrelenting fires char S. California, at least half a million flee - CNN.com",pipelines/cnn_dm_v3_gendered_focus/02_human_raw/articles_txt/HP00253.txt,5073
HP00254,cnn,http://web.archive.org/web/20120622004450id_/http://edition.cnn.com:80/2012/03/28/us/rhode-island-guard-death/index.html,Rhode Island Guardsman died saving Afghan girl - CNN.com,pipelines/cnn_dm_v3_gendered_focus/02_human_raw/articles_txt/HP00254.txt,1966
HP00255,cnn,http://web.archive.org/web/20131204024543id_/http://www.cnn.com/2013/11/26/showbiz/anne-sweeney-tv-president/,Anne Sweeney: TV president rewriting rules for digital age,pipelines/cnn_dm_v3_gendered_focus/02_human_raw/articles_txt/HP00255.txt,5161
HP00256,cnn,http://web.archive.org/web/20150315005129id_/http://www.cnn.com/2012/11/03/world/asia/pakistan-acid-attack/,Pakistani Taliban target female students with acid attack - CNN.com,pipelines/cnn_dm_v3_gendered_focus/02_human_raw/articles_txt/HP00256.txt,4501
HP00257,cnn,http://web.archive.org/web/20100807132154id_/http://www.cnn.com/2010/TECH/innovation/06/02/cnet.electric.vehicle.charging/,Network of electric vehicle charging stations on tap - CNN.com,pipelines/cnn_dm_v3_gendered_focus/02_human_raw/articles_txt/HP00257.txt,2822
HP00258,cnn,http://web.archive.org/web/20141208220119id_/http://www.cnn.com:80/2014/10/10/us/mississippi-fraternity-prank-flamingo-death,"Southern Mississippi fraternity rush prank goes awry, flamingo dies",pipelines/cnn_dm_v3_gendered_focus/02_human_raw/articles_txt/HP00258.txt,4444
HP00259,cnn,http://web.archive.org/web/20131222212702id_/http://edition.cnn.com:80/2007/HEALTH/08/06/hm.doulas/?imw=Y&iref=mpstoryemail,Doulas deliver help for birthing moms - CNN.com,pipelines/cnn_dm_v3_gendered_focus/02_human_raw/articles_txt/HP00259.txt,4025
HP00260,cnn,http://web.archive.org/web/20140819130208id_/http://www.cnn.com:80/2012/02/03/world/asia/cambodia-duch-appeal/,Leader of Khmer Rouge torture prison gets life sentence,pipelines/cnn_dm_v3_gendered_focus/02_human_raw/articles_txt/HP00260.txt,1533
HP00261,cnn,http://web.archive.org/web/20150415055500id_/http://edition.cnn.com/2009/SPORT/09/14/rugby.argentina.tri.nations/index.html,Argentina invited to join Tri-Nations series - CNN.com,pipelines/cnn_dm_v3_gendered_focus/02_human_raw/articles_txt/HP00261.txt,2192
HP00262,cnn,http://web.archive.org/web/20141102144440id_/http://www.cnn.com/2014/03/25/health/canada-possible-ebola-case/index.html,Canada patient tests negative for Ebola,pipelines/cnn_dm_v3_gendered_focus/02_human_raw/articles_txt/HP00262.txt,2623
HP00263,cnn,http://web.archive.org/web/20100427001937id_/http://edition.cnn.com:80/2010/SPORT/04/23/boxing.mayweather.mosley.wba/,Mayweather shuns WBA belt ahead of Mosley fight - CNN.com,pipelines/cnn_dm_v3_gendered_focus/02_human_raw/articles_txt/HP00263.txt,1908
HP00264,cnn,http://web.archive.org/web/20130308112738id_/http://www.cnn.com/2012/10/15/health/meningitis-outbreak-duplicate-2,Criminal investigators visit Massachusetts drug facility,pipelines/cnn_dm_v3_gendered_focus/02_human_raw/articles_txt/HP00264.txt,4821
HP00265,cnn,http://web.archive.org/web/20140525232714id_/http://www.cnn.com:80/2014/04/15/opinion/ghitis-ukraine-obama,"Goodbye, good luck to Ukraine?",pipelines/cnn_dm_v3_gendered_focus/02_human_raw/articles_txt/HP00265.txt,32694
HP00266,cnn,http://web.archive.org/web/20150321125047id_/http://www.cnn.com/2012/12/31/justice/north-carolina-wilmington-10/,North Carolina governor pardons 'Wilmington 10' - CNN.com,pipelines/cnn_dm_v3_gendered_focus/02_human_raw/articles_txt/HP00266.txt,3925
HP00267,cnn,http://web.archive.org/web/20141021031332id_/http://www.cnn.com:80/2014/07/01/health/diy-plastic-surgery,DIY plastic surgery leads to horrific injuries,pipelines/cnn_dm_v3_gendered_focus/02_human_raw/articles_txt/HP00267.txt,7546
HP00268,cnn,http://web.archive.org/web/20100601055637id_/http://www.cnn.com:80/2010/WORLD/meast/05/27/gaza.aid.convoy/,Convoy of ships heads to Gaza in attempt to break blockade - CNN.com,pipelines/cnn_dm_v3_gendered_focus/02_human_raw/articles_txt/HP00268.txt,6188
HP00269,cnn,http://web.archive.org/web/20130727073338id_/http://www.cnn.com/2012/06/10/opinion/greene-bobby-vee,Bobby Vee's bravest song,pipelines/cnn_dm_v3_gendered_focus/02_human_raw/articles_txt/HP00269.txt,6268
HP00270,cnn,http://web.archive.org/web/20120207034428id_/http://edition.cnn.com:80/2011/12/26/world/africa/nigeria-church-bombing,"Nigerian official condemns 'mindless and cowardly' church attacks that left dead, wounded - CNN.com",pipelines/cnn_dm_v3_gendered_focus/02_human_raw/articles_txt/HP00270.txt,4506
HP00271,cnn,http://web.archive.org/web/20150717123123id_/http://www.cnn.com/2014/06/10/world/meast/iraq-violence/,"Iraqi soldiers, police drop weapons, flee posts in Mosul - CNN.com",pipelines/cnn_dm_v3_gendered_focus/02_human_raw/articles_txt/HP00271.txt,10657
HP00272,cnn,http://web.archive.org/web/20140406031955id_/http://www.cnn.com/2013/11/25/politics/gop-immigration/,4 ways immigration reform still could happen -- or not,pipelines/cnn_dm_v3_gendered_focus/02_human_raw/articles_txt/HP00272.txt,7104
HP00273,cnn,http://web.archive.org/web/20150411011904id_/http://www.cnn.com/2011/WORLD/meast/08/02/syria.video/,"In Syria, 'brother of a whore' gets tossed like trash",pipelines/cnn_dm_v3_gendered_focus/02_human_raw/articles_txt/HP00273.txt,2860
HP00274,cnn,http://web.archive.org/web/20141027165641id_/http://www.cnn.com/2011/WORLD/asiapcf/03/14/japan.rescue/,"Even after rescue, survivors struggle to come to grips with disaster",pipelines/cnn_dm_v3_gendered_focus/02_human_raw/articles_txt/HP00274.txt,4871
HP00275,cnn,http://web.archive.org/web/20101024230504id_/http://edition.cnn.com:80/2010/WORLD/asiapcf/08/25/philippines.bus.hostages/index.html?hpt=T2,Hong Kong mourns victims of bus hijacking in the Philippines - CNN.com,pipelines/cnn_dm_v3_gendered_focus/02_human_raw/articles_txt/HP00275.txt,7365
HP00276,cnn,http://web.archive.org/web/20150320032456id_/http://www.cnn.com/2010/OPINION/02/04/france.burqa.ban/,Opinion: Why I'm proud to wear the burqa - CNN.com,pipelines/cnn_dm_v3_gendered_focus/02_human_raw/articles_txt/HP00276.txt,4134
HP00277,cnn,http://web.archive.org/web/20110317055436id_/http://www.cnn.com:80/2011/WORLD/asiapcf/03/13/japan.quake.scene/,"Hard-hit town searches, grieves in aftermath of killer tsunami",pipelines/cnn_dm_v3_gendered_focus/02_human_raw/articles_txt/HP00277.txt,5688
HP00278,cnn,http://web.archive.org/web/20110106172231id_/http://edition.cnn.com:80/2011/US/01/01/new.york.propane.leak/index.html?,Gas leak repaired following evacuations in Long Island town,pipelines/cnn_dm_v3_gendered_focus/02_human_raw/articles_txt/HP00278.txt,1642
HP00279,cnn,http://web.archive.org/web/20140827213950id_/http://www.cnn.com:80/2014/08/22/sport/motorsport/lewis-hamilton-belgian-grand-prix/index.html,Belgian Grand Prix: Lewis Hamilton goes from ice cool to red hot in Belgium,pipelines/cnn_dm_v3_gendered_focus/02_human_raw/articles_txt/HP00279.txt,2481
HP00280,cnn,http://web.archive.org/web/20130328091502id_/http://www.cnn.com:80/2009/CRIME/10/13/texas.rape.arrest/,"DNA leads to suspect after 19 years, FBI says - CNN.com",pipelines/cnn_dm_v3_gendered_focus/02_human_raw/articles_txt/HP00280.txt,4561
HP00281,cnn,http://web.archive.org/web/20130522184009id_/http://www.cnn.com:80/2013/03/16/world/asia/india-tourist-gangrape,Police: Swiss tourist gang-raped in India,pipelines/cnn_dm_v3_gendered_focus/02_human_raw/articles_txt/HP00281.txt,4787
HP00282,cnn,http://web.archive.org/web/20140826201942id_/http://www.cnn.com/2008/LIVING/studentnews/02/04/one.sheet.right.to.vote/index.html,CNN Student News One-Sheet: The Right to Vote - CNN.com,pipelines/cnn_dm_v3_gendered_focus/02_human_raw/articles_txt/HP00282.txt,4726
HP00283,cnn,http://web.archive.org/web/20131003201827id_/http://www.cnn.com/2013/10/01/health/obamacare-enrollment-young-chefs/,Young and healthy needed to make Obamacare mandate work,pipelines/cnn_dm_v3_gendered_focus/02_human_raw/articles_txt/HP00283.txt,6054
HP00284,cnn,http://web.archive.org/web/20100616083200id_/http://edition.cnn.com:80/2008/LIVING/wayoflife/02/22/speed.limit.states/index.html,States where you can drive fast - CNN.com,pipelines/cnn_dm_v3_gendered_focus/02_human_raw/articles_txt/HP00284.txt,6408
HP00285,cnn,http://web.archive.org/web/20140603202213id_/http://edition.cnn.com:80/2014/01/24/sport/football/football-mata-man-utd-signing/index.html,Man Utd complete signing of Juan Mata from Chelsea,pipelines/cnn_dm_v3_gendered_focus/02_human_raw/articles_txt/HP00285.txt,4146
HP00286,cnn,http://web.archive.org/web/20141115005016id_/http://edition.cnn.com/2010/WORLD/europe/07/27/bp.hayward.blame/index.html,Outgoing BP executive blames 'many companies' for Gulf crisis - CNN.com,pipelines/cnn_dm_v3_gendered_focus/02_human_raw/articles_txt/HP00286.txt,2296
HP00287,cnn,http://web.archive.org/web/20131007193414id_/http://edition.cnn.com:80/2013/10/01/sport/football/football-champions-league-arsenal-barcelona/,Champions League joy for Arsenal on Arsene Wenger's anniversary,pipelines/cnn_dm_v3_gendered_focus/02_human_raw/articles_txt/HP00287.txt,5198
HP00288,cnn,http://web.archive.org/web/20141125091129id_/http://www.cnn.com:80/2012/10/16/health/adhd-long-term-effects/index.html,ADHD may have lingering effects,pipelines/cnn_dm_v3_gendered_focus/02_human_raw/articles_txt/HP00288.txt,3594
HP00289,cnn,http://web.archive.org/web/20090628021837id_/http://www.cnn.com:80/2009/POLITICS/06/25/southcarolina.jenny.sanford.profile/index.html?iref=24hours,"South Carolina's first lady, scrutinized - CNN.com",pipelines/cnn_dm_v3_gendered_focus/02_human_raw/articles_txt/HP00289.txt,5579
HP00290,cnn,http://web.archive.org/web/20100128070052id_/http://www.cnn.com/2009/WORLD/europe/12/23/ireland.bishop.resignation/index.html,Second Irish bishop resigns over sex abuse scandal - CNN.com,pipelines/cnn_dm_v3_gendered_focus/02_human_raw/articles_txt/HP00290.txt,2643
HP00291,cnn,http://web.archive.org/web/20140930035617id_/http://edition.cnn.com/2008/POLITICS/05/19/roland.martin.05.19/index.html,Commentary: Make wearing a flag pin the 28th Amendment - CNN.com,pipelines/cnn_dm_v3_gendered_focus/02_human_raw/articles_txt/HP00291.txt,5860
HP00292,cnn,http://web.archive.org/web/20130607082546id_/http://edition.cnn.com/2013/06/01/sport/motorsport/pedrosa-lorenzo-motogp-motorsport,Pedrosa snatches pole at Mugello,pipelines/cnn_dm_v3_gendered_focus/02_human_raw/articles_txt/HP00292.txt,3720
HP00293,cnn,http://web.archive.org/web/20130902045450id_/http://www.cnn.com/2011/11/25/world/americas/peru-van-der-sloot,Peruvian murder trial for van der Sloot set for January,pipelines/cnn_dm_v3_gendered_focus/02_human_raw/articles_txt/HP00293.txt,2539
HP00294,cnn,http://web.archive.org/web/20140924091924id_/http://www.cnn.com:80/2013/09/20/world/europe/spain-baby-death,"Conveyer belt that killed 5-month-old wasn't moving at first, officials say",pipelines/cnn_dm_v3_gendered_focus/02_human_raw/articles_txt/HP00294.txt,3039
HP00295,cnn,http://web.archive.org/web/20130512231745id_/http://www.cnn.com:80/2009/WORLD/africa/09/13/uganda.arrests/index.html?_s=PM:WORLD,Hundreds arrested in deadly Uganda riots - CNN.com,pipelines/cnn_dm_v3_gendered_focus/02_human_raw/articles_txt/HP00295.txt,2413
HP00296,cnn,http://web.archive.org/web/20130302051735id_/http://edition.cnn.com:80/2012/05/24/sport/trainer-suspended,California suspends Derby-winning trainer over 2010 race,pipelines/cnn_dm_v3_gendered_focus/02_human_raw/articles_txt/HP00296.txt,6631
HP00297,cnn,http://web.archive.org/web/20130523193727id_/http://edition.cnn.com:80/2013/04/03/sport/football/di-canio-sunderland-fascist-football,Di Canio hits back: 'I am not a fascist',pipelines/cnn_dm_v3_gendered_focus/02_human_raw/articles_txt/HP00297.txt,3993
HP00298,cnn,http://web.archive.org/web/20150622112608id_/http://www.cnn.com/2015/02/20/us/las-vegas-road-rage-killing/,Police. Road rage suspect told friends he shot someone - CNN.com,pipelines/cnn_dm_v3_gendered_focus/02_human_raw/articles_txt/HP00298.txt,5301
HP00299,cnn,http://web.archive.org/web/20150103134801id_/http://edition.cnn.com/2008/HEALTH/conditions/03/06/ep.hormone.therapy/index.html,5 good reasons for going on hormones - CNN.com,pipelines/cnn_dm_v3_gendered_focus/02_human_raw/articles_txt/HP00299.txt,5722
