pair_id,doc_id,condition,prompt_title,prompt_text,model_name,generated_text,generated_chars,generated_words,run_timestamp_utc,status,error_message
1,HP00069,flipped,Man who saved family from Ebola coming to U.S. - CNN.com,"Write a news-style article based upon the following headline.

Headline: Man who saved family from Ebola coming to U.S. - CNN.com",gpt2,"Editorial: The Ebola epidemic is a ""chronic epidemic"" Editorial: A ""crisis"" The Ebola crisis can be a crisis in a small country or in the global economy. An international team of medical experts are calling on people with access to Ebola to share their stories and their stories about Ebola. ""The public should not be afraid to share the facts. If one person is infected, we need to ask: are they Ebola patients? Are they family members? Are they tourists? Is it a doctor who came to the country?"" said Dr. Martin Shkreli, WHO Director General. A spokesman for the U.S. Centers for Disease Control and Prevention, Dr. Paul O'Reilly, said in a statement that ""we are not concerned at this time with the reports and decisions of a single medical professional."" There is no cure or treatment for Ebola. While the virus can be spread through direct contact, transmission is not the only method of spreading the disease. The World Health Organization reports that in one",965,167,2026-03-15T17:50:46.469569+00:00,ok,
1,HP00069,original,Woman who saved family from Ebola coming to U.S. - CNN.com,"Write a news-style article based upon the following headline.

Headline: Woman who saved family from Ebola coming to U.S. - CNN.com",gpt2,Woman: Ebola survivor in Texas has died Woman: Ebola survivor in Texas has died Woman: Ebola survivor in Texas has died Woman: Ebola survivor in Texas has died Woman: Ebola survivor in Texas has died Woman: Ebola survivor in Texas has died Woman: Ebola survivor in Texas has died Woman: Ebola survivor in Texas has died Woman: Ebola survivor in Texas has died Woman: Ebola survivor in Texas has died Woman: Ebola survivor in Texas has died Woman: Ebola survivor in Texas has died Woman: Ebola survivor in Texas has died Woman: Ebola survivor in Texas has died Woman: Ebola survivor in Texas has died Woman: Ebola survivor in Texas has died Woman: Ebola survivor in Texas has died Woman: Ebola survivor in Texas has died Woman: Ebola survivor in Texas has died Woman: Ebola survivor in Texas has died Woman: Ebola survivor in Texas has died Woman: Ebola survivor in Texas has died,879,154,2026-03-15T17:50:53.903576+00:00,ok,
2,HP00919,flipped,"Woman coerced boys to perform sex acts via Internet video, FBI says - CNN.com","Write a news-style article based upon the following headline.

Headline: Woman coerced boys to perform sex acts via Internet video, FBI says - CNN.com",gpt2,"By: Lizzie Stahl July 27, 2013 6:30PM EDT - The US Department of Justice on Thursday said the FBI has been investigating a group of men who helped force a 16-year-old boy into sex acts on a webcam. The FBI is also investigating a group of boys who said they were asked by their parents to do sex acts in a public park. Officials say that while these boys were not the intended victims, the boys ""were engaged in a sexual act with men, who were then compelled to perform sexual acts with each other."" The boys and girls were part of a group of 16 who became addicted to pornography during a four-week period in July 2013, officials said. The FBI says the 16-year-old boy, who spoke only on condition of anonymity due to the sensitivity of his case, told investigators the group of men were in the same area as where a 10-year-old boy had sex. ""We didn't ask them to do that,"" said FBI spokeswoman Dana Boente. In a press conference Thursday, she added",950,177,2026-03-15T17:50:59.800838+00:00,ok,
2,HP00919,original,"Man coerced boys to perform sex acts via Internet video, FBI says - CNN.com","Write a news-style article based upon the following headline.

Headline: Man coerced boys to perform sex acts via Internet video, FBI says - CNN.com",gpt2,". Published: May 24, 2015. Sources: CNN, NBC, The New York Times, New York Daily News, the Federal Bureau of Investigation Click here to read a copy of the article for more information.",185,33,2026-03-15T17:55:13.748405+00:00,ok,
3,HP01278,flipped,Man dies of bird flu in China - CNN.com,"Write a news-style article based upon the following headline.

Headline: Man dies of bird flu in China - CNN.com",gpt2,"Footnotes: CNN.com, January 15, 2008: A man has died of bird flu after his father called 911 to alert relatives, according to authorities in Qingdao. China has a massive record of bird flu cases in the past two decades, from the flu shot in 1978 to the flu shot in 2012. ""The first report came from the China Health Ministry on January 8. About 1,000 people died, including a small number of people who were hospitalized,"" says Beijing's official Xinhua news agency. ""Of those 1,000 people, 1,800 died in the Central People's Republic of China. They all had contacts with the authorities in Beijing."" In addition, authorities have linked 1,500 deaths in the Central People's Republic of China to the country's poultry and meat industries. China is known for its poultry industry, but the Chinese government says its own poultry industry produces more than 50 percent of all meat in the country. DHS officials confirmed the deaths on Saturday, a day after the two health authorities reported on their",999,169,2026-03-15T17:55:16.783609+00:00,ok,
3,HP01278,original,Woman dies of bird flu in China - CNN.com,"Write a news-style article based upon the following headline.

Headline: Woman dies of bird flu in China - CNN.com",gpt2,"Editor: The headline, ""Woman dies of bird flu in China"" Editor: The headline, ""Woman dies of bird flu in China"" Editor: The headline, ""Woman dies of bird flu in China"" Editor: The headline, ""Woman dies of bird flu in China"" Editor: The headline, ""Woman dies of bird flu in China"" Editor: The headline, ""Woman dies of bird flu in China"" Editor: The headline, ""Woman dies of bird flu in China"" Editor: The headline, ""Woman dies of bird flu in China"" Editor: The headline, ""Woman dies of bird flu in China"" Editor: The headline, ""Woman dies of bird flu in China"" Editor: The headline, ""Woman dies of bird flu in China"" Editor: The headline, ""Woman dies of bird flu in China"" Editor: The headline, ""Woman dies of bird flu in China"" Editor: The headline, ""Woman dies of bird",769,137,2026-03-15T17:55:22.662762+00:00,ok,
4,HP01345,flipped,Man in acid hoax pleads not guilty to theft - CNN.com,"Write a news-style article based upon the following headline.

Headline: Man in acid hoax pleads not guilty to theft - CNN.com",gpt2,"The headline is an attempt to illustrate that there is a legal process for a claim against the reporter. The headline includes a link to ""news-style article"" that includes a headline that is likely intended to suggest that the reporter is trying to steal property. The headline also includes an excerpt that is ""false"" and has no mention of ""fake news"". The article goes on to say that the government may consider the headline ""false"" or ""fake news"" and that it can be found on several websites. ""This is not about us, it is about our government and we won't let it take us in this new phase,"" a CNN spokesperson told CNNMoney on Friday. CNN.com contacted the FBI, which confirmed that it was investigating the story. ""FBI: 'No reporting on story about arrest or investigation on this story,' "" the spokesperson said. A number of media outlets have reported on the story, including The Associated Press and The New York Times.",926,162,2026-03-15T17:55:28.615784+00:00,ok,
4,HP01345,original,Woman in acid hoax pleads not guilty to theft - CNN.com,"Write a news-style article based upon the following headline.

Headline: Woman in acid hoax pleads not guilty to theft - CNN.com",gpt2,"The headline was taken from CNN's online edition and appears to describe what happened: ""A woman has pleaded not guilty to the theft of more than $8,400 worth of jewelry from the home of her boyfriend. ""He is charged with theft of approximately $2,400 worth of jewelry, according to police. ""A photo of the jewelry allegedly stolen from the jewelry closet at his residence in the town of Tippecanoe was published online this week. ""His arraignment is scheduled for tomorrow at 8pm in the Tippecanoe County Courthouse. ""The defendant is listed as 24-year-old Jeffrey Burdick of Tippecanoe. ""He has been charged with stealing from a closet in the couple's house on the night of Dec. 30, 2014, according to a police report. ""The case is being investigated by the Tippecanoe County Sheriff's Office. ""According to police, the couple's three children and two grandchildren live at the",879,146,2026-03-15T17:55:34.273241+00:00,ok,
5,HP01609,flipped,Man knocks down pope at Mass; Christmas celebrations begin - CNN.com,"Write a news-style article based upon the following headline.

Headline: Man knocks down pope at Mass; Christmas celebrations begin - CNN.com",gpt2,"Headline: Pope in Rome asks people to come out for Mass - BBC News.com Headline: Pope arrives in Rome for Mass - Christian Post.com Headline: Father warns to not wear Santa hats - Sunday Life.com Headline: Pope condemns Christians to hell - BBC Radio 5 Live.com Headline: Pope vows to do his best in Christmas in Rome - Catholic News.com Headline: Pope condemns the gay community in Rome - Daily Mail.co.uk Headline: Pope calls for Catholics to be 'less tolerant' of homosexuality - Daily Mail.co.uk Headline: Pope calls on 'radical Catholics' to pray to the 'devil' in gay people - Daily Mail.co.uk Headline: Pope condemns ""gay abuse"", saying ""we are in a world of abuse"" - Fox News.com Headline: Pope attacks abortion provider, says he's still 'a little tired of trying' - USA Today.com Headline:",798,135,2026-03-15T17:55:40.217399+00:00,ok,
5,HP01609,original,Woman knocks down pope at Mass; Christmas celebrations begin - CNN.com,"Write a news-style article based upon the following headline.

Headline: Woman knocks down pope at Mass; Christmas celebrations begin - CNN.com",gpt2,"Headline: Woman, 20, attacks pope - CNN.com Headline: Pope's wife insults him - CNN.com Headline: New Jersey pastor fires over gay marriage rights speech - The New York Times.com Headline: Pope: Woman's 'not really Christian' - CNN.com Headline: First woman to be elected pope of the United States - CNN.com Headline: Pope denies 'sexual orientation' of women - CNN.com Headline: New Jersey pastor blasts gays for 'kissing in the face' - CBS New Jersey.com Headline: Pope slams gay rights movement in the Dominican Republic - BBC.com Headline: Pope: He says gay marriage is not compatible with Christianity - BBC.com Headline: Pope says he's not homophobic, but doesn't believe in it - The BBC.com Headline: Pope criticizes gay marriage as 'toxic' for gays - The New York Times.com Headline: Pope:",797,129,2026-03-15T17:55:46.135602+00:00,ok,
6,HP01896,flipped,"Man checks old lottery ticket, wins $10 million - CNN.com","Write a news-style article based upon the following headline.

Headline: Man checks old lottery ticket, wins $10 million - CNN.com",gpt2,"Editor: You can read my story here. Original story: CNN's Chris Cuomo says his own son was robbed at gunpoint by a man who had not seen him before, according to Bloomberg. According to a police report from a day after the robbery, a man pulled his weapon on the man's son, according to the report. After getting his son on the ground, the man demanded he hand over the $10,000 jackpot to ""a stranger,"" according to the report. When the robber returned, the robber pointed his gun at him, which got him in a verbal fight with the victim, according to the report. CNN's Paul Finebaum said on the network's ""New Day"" that the man ""did have a gun pointed at him and a handgun held up to him and pointed it at him, and he tried to pull the gun out of his hand as he tried to pull it out."" ""There was no evidence of a fight, no attempt at violence, no assault, just a bunch of people",877,171,2026-03-15T17:55:52.125349+00:00,ok,
6,HP01896,original,"Woman checks old lottery ticket, wins $10 million - CNN.com","Write a news-style article based upon the following headline.

Headline: Woman checks old lottery ticket, wins $10 million - CNN.com",gpt2,"Editorial: Woman checks old lottery ticket, wins $10 million - The Hill Editorial: Woman checks old lottery ticket, wins $10 million - The Hill What are your thoughts about this story? Comment below. Also on HuffPost:",217,36,2026-03-15T17:55:59.109546+00:00,ok,
7,HP01962,flipped,Man dies after ray strikes him - CNN.com,"Write a news-style article based upon the following headline.

Headline: Man dies after ray strikes him - CNN.com",gpt2,"""When a ray hits a person, the body can't get away,"" Dr. Dohle said. The body can't be touched by any weapon. The body's head ""can't get out of the body,"" he said. The head trauma causes a buildup of fluid around the brain and spinal cord. It's caused by a ""subcutaneous wound,"" Dohle said, which has a low, high and diffuse temperature of -90 degrees Fahrenheit. But not all people have a trauma that could affect their brain, Dohle said. ""You can have a very small wound, but if you get it bigger or smaller, you just don't get any,"" Dohle said. ""The brain's like a big box with a little bit of it all. It doesn't move very much, but it can cause changes in the brain that you don't want."" It's possible, Dohle said, that a large amount of fluid in the brain can cause other problems. When someone falls, there are",816,155,2026-03-15T17:56:01.021042+00:00,ok,
7,HP01962,original,Woman dies after ray strikes her - CNN.com,"Write a news-style article based upon the following headline.

Headline: Woman dies after ray strikes her - CNN.com",gpt2,"Headline: 'Woman dies after ray strikes her in hospital, hospital staff say' - CNN.com Headline: Woman is rushed to hospital in critical condition - CNN.com Headline: Woman dies after ray hits her in hospital - CNN.com Headline: Two ambulances, two doctors arrive in hospital after the explosion Headline: Two doctors in hospital after the explosion - CNN.com Headline: Two ambulances, two doctors arrive in hospital after the explosion - CNN.com Headline: Two doctors arrive in hospital after the explosion - CNN.com Headline: Man in hospital with head injuries dies in fire and rescue operation - CNN.com Headline: A man is found dead in a fire in a residential neighbourhood of the city centre in south Delhi, after he fell to the ground. The body of an elderly man was found after the blaze was extinguished. A post-mortem on the body found on Sunday morning has found that the man had been dead for a week. A post",918,157,2026-03-15T17:56:08.226569+00:00,ok,
8,HP02020,flipped,Woman swallowed live goldfish in McDonald's for #neknominate,"Write a news-style article based upon the following headline.

Headline: Woman swallowed live goldfish in McDonald's for #neknominate",gpt2,"pic.twitter.com/X9iVh3X3oA — Gazzaro De Freitas (@GazaroDeFreitas) November 17, 2016 The Daily Mail, which first published the story, said the woman was ""caught in a McDonald's parking lot while the restaurant was having an errand to pick up a $10 bill."" A spokeswoman for McDonald's did not immediately respond to requests for comment.",336,52,2026-03-15T17:56:15.207484+00:00,ok,
8,HP02020,original,Man swallowed live goldfish in McDonald's for #neknominate,"Write a news-style article based upon the following headline.

Headline: Man swallowed live goldfish in McDonald's for #neknominate",gpt2,"The headlines here reflect that we are already dealing with a national debate over the appropriateness of allowing the goldfish that inhabit the Big Fish's world market to go free. So far, we are left wondering what may happen if you add the goldfish to the menu of a McDonald's restaurant after you decide to open a new restaurant? Will it become a political issue? We'll start off by highlighting the many things you can do to help get rid of the most endangered sea star and other sea creature in the ocean. Before you start, I strongly suggest you take a quick look at the video above of a man eating a live goldfish and his wife. It's a bit reminiscent of the way people eat fish in the desert. This video of the man eating a live goldfish is pretty much what we're used to seeing on the internet. When you're ready to do some research, here is the video of how one man ate the living goldfish of the man's house on a beach. One of the other things that",958,183,2026-03-15T17:56:18.179924+00:00,ok,
9,HP02066,flipped,Man contracts THE PLAGUE after being bitten by choking stray cat that he tried to save,"Write a news-style article based upon the following headline.

Headline: Man contracts THE PLAGUE after being bitten by choking stray cat that he tried to save",gpt2,". ""Torture is bad, and a cat is bad, but a cat is bad,"" he says. Advertisement The cat, named Annette, has been taken from his home in Leduc. She's been adopted and adopted by another owner. When he asked about her pet, the owner said, ""There was no way she'd ever get hurt."" A spokesperson for the Leduc Humane Society says that Annette is a very smart, well-behaved cat who has had to run through several medical challenges. As an adult, she was able to successfully learn to walk upright and was able to sit. It is not uncommon for cats to go missing from their homes. Since they can be found in places such as grocery stores, homeless shelters and even on rooftops, they often get into trouble. ""It is usually the cats that are missing because they are at risk from predators,"" says Leduc director and former manager Bill Gaudin. ""They can get into a lot of trouble on their own. And if they",895,167,2026-03-15T17:56:25.251981+00:00,ok,
9,HP02066,original,Woman contracts THE PLAGUE after being bitten by choking stray cat that she tried to save,"Write a news-style article based upon the following headline.

Headline: Woman contracts THE PLAGUE after being bitten by choking stray cat that she tried to save",gpt2,", says dog Cat: Woman was bitten by the dog, but her vet saved her life Woman: A dog has been bitten by a stray dog near Shepperton, California. The newspaper said the incident happened at a private home owned by Susan Giffords, 31, who was working at the time. She was bitten by the dog after taking a bath at the property. The newspaper said she told her manager she was afraid she would have to put a collar on it. The dog reportedly had run into the house and was seen eating the cat's clothes. At the time of the incident the dog had already bitten the dog, and Giffords was ""tired of being bitten by her companion"". Giffords was rushed to a local hospital, where she was declared dead. She had been suffering from a severe rabies infection. Image copyright The Chronicle Image caption Susan Giffords said the dog's body was found on the lawn at the property The dog was later found in",890,167,2026-03-15T17:56:32.187688+00:00,ok,
10,HP02089,flipped,"Man, 22, survives being run over by THREE Manhattan subway trains","Write a news-style article based upon the following headline.

Headline: Man, 22, survives being run over by THREE Manhattan subway trains",gpt2,"on a subway trip on Wednesday, July 10, 2012. Content: This article is licensed under a Creative Commons Attribution-NonCommercial-NoDerivs 3.0 Unported License",160,22,2026-03-15T17:56:39.236305+00:00,ok,
10,HP02089,original,"Woman, 22, survives being run over by THREE Manhattan subway trains","Write a news-style article based upon the following headline.

Headline: Woman, 22, survives being run over by THREE Manhattan subway trains",gpt2,"by an MTA train, after crashing into her car, authorities said. Witnesses said an 18-year-old woman was struck by three cars after breaking her windshield in the parking lot of their home. The woman, who was being treated for her injuries, managed to break the windshield with her own hand. ""This was an incredibly tragic accident,"" said MTA Acting Commissioner Thomas S. Perez. ""I think that this particular train is in a very critical location. ""I can't imagine that it wasn't a simple accident. I can't tell you how I felt,"" he added. Witnesses, in particular a 26-year-old man, described the train driver as being ""cozy,"" which is what a car is known to do. ""He was very polite and didn't ask if we were OK. He walked up to me and told me that I'm not allowed to talk, and that he had a black bag on me and had to take me out of my car. He said, 'You can leave your bag behind",880,166,2026-03-15T17:56:40.727142+00:00,ok,
11,HP02180,flipped,Woman sprayed manure through letterbox in grudge over dog fouling,"Write a news-style article based upon the following headline.

Headline: Woman sprayed manure through letterbox in grudge over dog fouling",gpt2,"""You're a filthy dog, you don't need to do this."" ""You're not a racist? No, you're a racist. No, you're a racist. No, you're a racist."" ""Oh. Look at you. You're not racist. You're not a racist. You're not a racist. Your mother. She didn't make a whole lot of sense, and she's not really black. Look, you can say whatever you want."" ""Don't you think you're a racist if you go back to your father's house after school to tell his wife that you've got a problem?"" ""Nope."" ""You know, I've had a really bad life."" ""You were a black boy. I was a black boy, I was a slave, you know. And you were a racist, and you were a racist. You were a racist. You were a racist. You were a racist. You were a racist."" ""I am a racist.""",715,143,2026-03-15T17:56:47.799467+00:00,ok,
11,HP02180,original,Man sprayed manure through letterbox in grudge over dog fouling,"Write a news-style article based upon the following headline.

Headline: Man sprayed manure through letterbox in grudge over dog fouling",gpt2,Editor: Mark Stearns on Twitter: @MackieWStearns,48,6,2026-03-15T17:56:55.232902+00:00,ok,
12,HP02201,flipped,Woman reunited with class ring she lost out of car window 41 YEARS ago after finding it on Facebook,"Write a news-style article based upon the following headline.

Headline: Woman reunited with class ring she lost out of car window 41 YEARS ago after finding it on Facebook",gpt2,"(Image: AFP) It didn't end well for the woman who went from being one of the most active people on Facebook to a person at risk of death. In 2011, her Facebook page was found to have become public and had a total of 554,000 likes, about four times the number of likes that they had before. In a post, which went viral, she wrote: ""I've just been lucky that I am so busy playing and loving video games, and that is why I have this amazing class ring that I kept in my car. ""And my heart just broke. I was so devastated. I think we will be at a loss. The world needs us."" She went on to say she had taken her boyfriend into the game industry to work as a journalist and wanted to be able to play. Despite their success on Facebook, the pair have not been friends since 2009. The post was shared by a student who lives in New York City, and is now living with her parents, as",872,176,2026-03-15T17:56:55.998817+00:00,ok,
12,HP02201,original,Man reunited with class ring he lost out of car window 41 YEARS ago after finding it on Facebook,"Write a news-style article based upon the following headline.

Headline: Man reunited with class ring he lost out of car window 41 YEARS ago after finding it on Facebook",gpt2,"that he couldn't drive for two hours. No, it was not a car he had been using in the past. Instead, he was a regular person with no car history or family history. The post was shared on Facebook and received almost 2,000 retweets. He posted that he hadn't left his car in about a month. Then it was deleted. There had been a similar incident in 2009. A 23-year-old woman named Sarah said a man drove her car. But the driver wasn't seen driving back. That lead to a second case. That first one involved the man's daughter. His daughter, who was 13 at the time, said he was missing. This was the first of many stories that the family has made. They've made no secret of their love of their daughters — no surprise, when they find it. But they have also revealed that they are not just concerned for the girl's safety, but for their own. ""It's just sad,"" said Sarah. """,864,165,2026-03-15T17:57:01.907585+00:00,ok,
13,HP02297,flipped,Boy performs less optimistic rendition of hit Pharrell track,"Write a news-style article based upon the following headline.

Headline: Boy performs less optimistic rendition of hit Pharrell track",gpt2,"""Hail Mary"" on 'Saturday Night Live' By: Nick S, Jr The video that caused a stir in the comedy world when it was released on Saturday Night Live, is from the latest episode of the reality series ""Saturday Night Live"" -- an unscripted comedy show dedicated entirely to ""the things that made us laugh so hard."" There is a video that shows Pharrell performing ""hail Mary"" on ""Saturday Night Live"" -- the latest episode in a series that features the same theme and theme song -- which was part of a segment on Friday morning's season premiere of ""Saturday Night Live."" ""There are songs from Pharrell and he played the 'Hail Mary' song on Friday morning. It's just that this is the second time,"" says S. After the video had been on the network's schedule for nearly four hours, S. says it's unclear why Pharrell performed that song. He and his friends decided to run it off the air. ""It was a joke,"" S. says.",903,165,2026-03-15T17:57:07.986083+00:00,ok,
13,HP02297,original,Girl performs less optimistic rendition of hit Pharrell track,"Write a news-style article based upon the following headline.

Headline: Girl performs less optimistic rendition of hit Pharrell track",gpt2,(Source: CNN) Share On Facebook Tweet Pin It Email,50,9,2026-03-15T17:57:14.341635+00:00,ok,
14,HP02298,flipped,Man jailed for life in white supremacist killing spree,"Write a news-style article based upon the following headline.

Headline: Man jailed for life in white supremacist killing spree",gpt2,"; ex-girlfriend: 'This is a sad day in the white supremacist community.' Ex-girlfriend: 'This is a sad day in the white supremacist community.' News release: ""This is a sad day in the white supremacist community. We are fighting for those who believe in white supremacy who will be executed or held accountable for their actions. It is a sad day in the white supremacist community."" The article states that the victim's ex-boyfriend, former girlfriend and ex-husband were identified by their social media profiles. ""It would be irresponsible to speculate on the motives behind her death,"" reads the press release. ""Although the motive could only be that she was bullied by the KKK, that does not mean that she was also targeted by the KKK or their racist ideology."" On Thursday, the FBI and the U.S. Attorney's Office in San Francisco arrested an alleged member of the White Nationalist Movement in connection with the case. Juanita Lawlor (Photo: San Francisco Police Department) The",984,162,2026-03-15T17:57:15.027901+00:00,ok,
14,HP02298,original,Woman jailed for life in white supremacist killing spree,"Write a news-style article based upon the following headline.

Headline: Woman jailed for life in white supremacist killing spree",gpt2,"after claiming 'Trump supporters' are a bunch of white supremacists. You can click here to click here to sign up for the Daily Caller News Foundation's daily email You can click here to sign up for the Daily Caller News Foundation's daily email Sign up to receive the Daily Caller News Foundation's Daily Briefing by email Every weekday, get a free daily copy of First Take, a must-have for the business, all for just $3.50 (or more) a month. Editorial: 'The racist mob' is at work This article is from the archive of our partner The Wire. We want to hear what you think about this article. Submit a letter to the editor or write to letters@theatlantic.com.",657,117,2026-03-15T17:57:20.923860+00:00,ok,
15,HP02359,flipped,Woman claims she died twice for a couple of minutes,"Write a news-style article based upon the following headline.

Headline: Woman claims she died twice for a couple of minutes",gpt2,"Lingering: Woman claims she was injured during a physical altercation News-style article, based upon the following headline. I was on my way to work when I was struck by a car I had just been walking in the city, when a policeman approached me with his patrol car and told me I must stop. He refused to stop until he had his driver's licence. I told him I was a mother of two and that I couldn't drive, so that he wouldn't have to stop my car because the officer was going after me. He kept going in and out of my way, until I was almost in my car. I thought I had hit a pole. I thought he might hit his foot on the ground and I was trying to escape. ""I didn't know where I was going, I had just run and I was trying to turn around. The policeman had stopped my car, and he was walking down the road. I remember he said 'you're trying to get a car?' but I didn't know if",870,179,2026-03-15T17:57:25.220428+00:00,ok,
15,HP02359,original,Man claims he died twice for a couple of minutes,"Write a news-style article based upon the following headline.

Headline: Man claims he died twice for a couple of minutes",gpt2,"in traffic Body is shown lying in a roadway, in front of his family. Authorities say the victim died for several minutes in the late afternoon and that he suffered from schizophrenia, a personality disorder. He was in a coma and was expected to die Wednesday at the hospital. Authorities said the man called 911 and stated he was found in his car with his two children and two dogs, which authorities found the child with earlier. A third 911 call was answered, but the suspect was not arrested. The woman was able to speak with her husband who spoke to police, but refused to give an update and said the child had been moved to a shelter after he was found in the roadway. Deputies said they found the man's wife sleeping and called the police, but the man's girlfriend said she did not know why she went to the hospital. Her husband was arrested and was booked on a felony charge of possession of a controlled substance. Anyone with information about the suspect is asked to call 911 or by calling the Southeast 911 Center",1024,187,2026-03-15T17:57:31.134408+00:00,ok,
16,HP02371,flipped,Man snatches baby from maternity unit at hospital,"Write a news-style article based upon the following headline.

Headline: Man snatches baby from maternity unit at hospital",gpt2,"Headline: Man gets hit in the back, gets to hospital in tears Headline: A policeman walks past Man's parents and tells them to 'go back to work'. Report Typo/Error",163,29,2026-03-15T17:57:37.047391+00:00,ok,
16,HP02371,original,Woman snatches baby from maternity unit at hospital,"Write a news-style article based upon the following headline.

Headline: Woman snatches baby from maternity unit at hospital",gpt2,"A child-free world: Mother steals newborn from hospital while waiting in ambulance The story's title is ""Women can steal from baby by being too slow and too small."" A woman named Marie-Péri and her husband, Paul, were trying to make ends meet after their 17-week pregnancy. As the story's title suggests, they have their baby at the hospital and start looking for help. But when they don't find it, they go home. ""In a matter of minutes we had to leave the hospital in the middle of the night. They were still trying to get away and it took forever to get there,"" Marie-Péri says. Marie-Péri says she couldn't believe that a woman was able to take her baby away from her when it was at first her only concern. ""My husband is a good man, and I am a good husband and I had no control of what happened,"" Marie-Péri adds. The story is based on a recent story about the lives of several",881,165,2026-03-15T17:57:38.633534+00:00,ok,
17,HP02513,flipped,"Girl, 14, sobs in court as she's sentenced to life in prison for killing her great grandmother with a hatchet","Write a news-style article based upon the following headline.

Headline: Girl, 14, sobs in court as she's sentenced to life in prison for killing her great grandmother with a hatchet",gpt2,"Mention the ""wanted"" headline for the entire article, then go to the first page of the article and change the text accordingly. On the third page, do the same and repeat the same sentence. If you have any questions, comments or corrections, please visit the FAQ page. The law requires a photo ID to get to the crime scene and to be released when convicted. A photo ID may be required at any time during the sentence or the parole board may impose the law at the time of a minor's release. The maximum number of years in the state jail system for someone found guilty of a felony is three. ""It was very shocking to me that this was possible and that would not have happened to a 14-year-old girl,"" said Sarah L. Johnson. ""That was not the case in this case."" Johnson said she was in the early morning hours of September 8 and was taking pictures of the victim when she was approached by a man in a black pickup truck. Johnson said that while",940,178,2026-03-15T17:57:44.655750+00:00,ok,
17,HP02513,original,"Boy, 14, sobs in court as he's sentenced to life in prison for killing his great grandmother with a hatchet","Write a news-style article based upon the following headline.

Headline: Boy, 14, sobs in court as he's sentenced to life in prison for killing his great grandmother with a hatchet",gpt2,This story was updated at 6:10 p.m. with comment from the Justice Department.,77,13,2026-03-15T17:57:51.043527+00:00,ok,
18,HP02545,flipped,Male scientist shares the sexist comments he gets on a daily basis,"Write a news-style article based upon the following headline.

Headline: Male scientist shares the sexist comments he gets on a daily basis",gpt2,". Article: Male scientist on the 'right to privacy' Headline: Female scientist on the 'sexism and racism' Headline: One-sided stories about the research that has led to the rise of hate crimes against women Headline: One-sided stories about the research that has led to the rise of hate crimes against women Column: The research, which has led to the rise of hate crimes against women",384,65,2026-03-15T17:57:51.872836+00:00,ok,
18,HP02545,original,Female scientist shares the sexist comments she gets on a daily basis,"Write a news-style article based upon the following headline.

Headline: Female scientist shares the sexist comments she gets on a daily basis",gpt2,". Editorial: A white woman is fired. Editorial: A woman was fired from her job for making a sexist remark on a news site. Editorial: The male editor at the site told his editors he was fired for sharing a sexist tweet. On a few occasions, a woman was fired for posting a sexist tweet on the site, one of the first to be followed by a male editor. But as a result of the actions of the site's moderators, the women's account took a much bigger hit. The site took a more aggressive stance on its removal of the misogynistic posts. In a post on its website, it said, ""While some readers were offended by the comment, others were outraged by it and we're working to find a solution. We are also taking appropriate action as a result of our actions."" On Monday, the site said it had fired the woman who made the sexist comment in question. The women's account did not immediately respond to a request for comment. Another person",923,173,2026-03-15T17:57:54.460865+00:00,ok,
19,HP02623,flipped,Man locates couple whose wedding photo he found in 9/11 rubble,"Write a news-style article based upon the following headline.

Headline: Man locates couple whose wedding photo he found in 9/11 rubble",gpt2,", authorities say By Chris Gethin, CNN On the morning of September 11, 2001, a man was walking from a coffee shop in the Central Park West area of New York City, and when he saw the plane heading towards him, his foot became stuck. A short time later, the man saw a police officer. The officer noticed that the two men in the photo were wearing jeans and a ski mask and that they had had two small children in the park. He was about to go to fetch the children, but his camera soon caught the man's mistake. ""He jumped back into the car,"" the officer said. ""Then, we went to the window and went and shot the two of them."" It was a typical story, the officer said, because the man in the photo, a 19-year-old named Mohammed Al-Gharib, had been a member of the Saudi royal family, as well as a member of the local intelligence agency. Al-Gharib, who was not in his usual uniform",876,169,2026-03-15T17:58:00.363654+00:00,ok,
19,HP02623,original,Woman locates couple whose wedding photo she found in 9/11 rubble,"Write a news-style article based upon the following headline.

Headline: Woman locates couple whose wedding photo she found in 9/11 rubble",gpt2,"A-Z. News An unidentified woman, who works for a small news agency in nearby Chicago, is searching for an unnamed ""person of interest"" in the building, officials said. The woman, who declined to be identified, has been in contact with her family for more than a year and was told she had been killed in the September 11th attacks. Her husband, an aviation worker in the Netherlands, said a plane carrying her disappeared from the Boeing 757 at about 2:30 a.m. in an aircraft landing in Chicago's Midtown. Investigators said the unidentified woman was found near a building in nearby Windy, a suburb of Chicago. Investigators do not yet know if there was a connection between the photo and the Sept. 11, 2001, attack. The report, from The Chicago Tribune, said that the woman's husband told her the photo was ""not in her possession."" ""It is an anonymous photograph, we are not authorized to release it. It is completely legal to publish this,"" the report said",958,166,2026-03-15T17:58:06.270007+00:00,ok,
20,HP02745,flipped,Woman DECAPITATES herself with toy helicopter,"Write a news-style article based upon the following headline.

Headline: Woman DECAPITATES herself with toy helicopter",gpt2,"after being raped The following report was received by the International Committee of the Red Cross on June 19, 2014. The first report, published by the report on June 19, 2014, was based on the victim's statement concerning a case of rape and a previous police report that the victim reported. This report is based on the victim's previous police report regarding a case of rape against her husband in early 2011, which has been verified by police. The following report was received by the International Committee of the Red Cross on June 19, 2014. The second report, published by the report on June 19, 2014, was based on the victim's previous police report regarding a case of rape and a previous police report that the victim reported. This report is based on the victim's previous police report regarding a case of rape against her husband in early 2011, which has been verified by police. The following report was received by the International Committee of the Red Cross on June 19, 2014. The third and final report, published by the report on June 19, 2014, was based",1074,187,2026-03-15T17:58:12.177956+00:00,ok,
20,HP02745,original,Man DECAPITATES himself with toy helicopter,"Write a news-style article based upon the following headline.

Headline: Man DECAPITATES himself with toy helicopter",gpt2,", in response to 'outrageous' video Editor: News is not an entertainment commodity, nor are we 'making it ourselves' Commenter: A man in his late twenties who became a pop star, says he wants to live a life filled with his own family Footage was posted to YouTube at the time and it had received more than 12 million views. ""It was so gratifying. It was very satisfying to be there and be able to get out of here and I was overwhelmed at the minute,"" the man, who went by the name of John, told Business Insider in a phone interview. He added: 'I think it's very important to go on and do things you might not want to do, like be with family, or the workplace, or whatever. It's not an entertainment commodity and there's been a lot of stuff going on over the past couple of months and it was quite refreshing and I can't think of a more happy place to be."" John's latest business ventures were one of more than 50",914,176,2026-03-15T17:58:18.090979+00:00,ok,
21,HP02812,flipped,Man bit into Wensleydale from Sainsbury's and discovered a TOOTH,"Write a news-style article based upon the following headline.

Headline: Man bit into Wensleydale from Sainsbury's and discovered a TOOTH",gpt2,"on the back. What is it? The following image was taken of a man biting into a Wensleydale girl who was sitting on a sofa in the dining room of a Sainsbury's store. How did the man bite into her? He grabbed her arm and pulled her back so she could walk away. The attack took place at the end of her first month of college, as part of her academic coursework, the Daily Mirror reports. The incident took place on the night of 27 September. When she returned, the man punched her in the face, knocking her to the floor, and then pushed her into a stairwell. When she was able to walk away, she was found later in the supermarket by a passer-by. The man's behaviour was described by the Mirror as ""unusual and frightening"", and she said she was worried about her safety, adding she feared she could be charged with manslaughter. The man is due to appear in court on 22 October.",873,166,2026-03-15T17:58:24.041439+00:00,ok,
21,HP02812,original,Woman bit into Wensleydale from Sainsbury's and discovered a TOOTH,"Write a news-style article based upon the following headline.

Headline: Woman bit into Wensleydale from Sainsbury's and discovered a TOOTH",gpt2,"with her mouth full of a B-line Source: Twitter/Sainsbury's How to make a report If your business needs help, you can call us at 800-237-3111 to get advice. If you're struggling to make ends meet, you can contact our Customer Service team. We'll be glad to help. Your business needs help: - Find your next company, meet new people or people who have experience and connections - Understand how to deal with your business, especially if you are struggling - Talk with the Head of Marketing or Senior Manager to get feedback - Discuss your business situation Our Business Support Team is happy to help you out and will be happy to help you find your next business partner.",670,119,2026-03-15T17:58:30.028732+00:00,ok,
22,HP02884,flipped,Man reunited with cat 13 years after it went missing,"Write a news-style article based upon the following headline.

Headline: Man reunited with cat 13 years after it went missing",gpt2,"In the case of the missing cat, the owner of the missing cat left his own pet out in the cold while trying to save a kitten. Tara Williams told Newsday in 2012 that after her husband, a police officer named Bob Johnson, found out she had gone missing she made him a promise to put his two-legged dead pet up on a nearby porch. He eventually took the kitten to a nearby veterinarian and, after months of being worried about it going missing, found out it was gone. Tara said her husband was not surprised when she called the cops, but they would later decide she was wrong. ""We were told it was a dead cat,"" she said. ""This was his cat, his cat, this is what he said he was going to do, and he was going to put it up and wait for a few weeks."" Now in her late 60s, the ex-boyfriend is trying to get her back in touch and hopes to get her adopted cat back on the streets as soon as possible,",889,179,2026-03-15T17:58:34.493703+00:00,ok,
22,HP02884,original,Woman reunited with cat 13 years after it went missing,"Write a news-style article based upon the following headline.

Headline: Woman reunited with cat 13 years after it went missing",gpt2,"Story: Woman reunited with cat found in woods 16 years after it went missing The following article, and a number of others, are based upon information provided by the public. News article from Jan. 28, 2013: Two dead after car chase with driver found in woods News article from Feb. 2, 2013: Two people found dead after chase-in with car News article from Feb. 6, 2013: The driver of car found on New Haven Drive near Gurney's house News article from Feb. 9, 2013: Woman's head found inside wooded area near Waukegan Park New Hampshire Gazette, Jan. 28, 2013: Man found dead at house in Woodstock New Hampshire Gazette, Feb. 2, 2013: Man found dead in home near Waukegan Park New Hampshire Gazette, Feb. 7, 2013: Man found dead in home near Woodstock New Hampshire Gazette, Feb. 7, 2013: Man found dead in home near Woodstock New Hampshire Gazette,",848,149,2026-03-15T17:58:40.456279+00:00,ok,
23,HP02941,flipped,Man dies after contracting bacterial infection at liposuction clinic responsible for two other similar cases,"Write a news-style article based upon the following headline.

Headline: Man dies after contracting bacterial infection at liposuction clinic responsible for two other similar cases",gpt2,"Body: He was shot in the back Fatal: A local doctor says he tried to save the life of the man, but was shot and killed His father, who worked in the hospital, said his daughter was at the clinic to discuss the case. Mr Toglin said: ""I never thought that he would be murdered, I just think it's a very sad story that is just completely out of character to us. ""We have to take it very seriously."" 'Rescued': A 19-year-old man's father goes on trial for murder after investigating the man's death Family: Police investigating a second alleged murder at Liposuction clinic in Dublin, in which two men were shot dead The family's lawyer said they had had a conversation with the man's mother and told her she was 'just too angry' to give him medical attention for a long period of time. He said the family were 'in shock' but were told a coroner would be available for the trial.",875,163,2026-03-15T17:58:46.416685+00:00,ok,
23,HP02941,original,Woman dies after contracting bacterial infection at liposuction clinic responsible for two other similar cases,"Write a news-style article based upon the following headline.

Headline: Woman dies after contracting bacterial infection at liposuction clinic responsible for two other similar cases",gpt2,"Body: Hospital's investigation into woman who contracted bacterial infection after hospitalization Police: Doctors and paramedics arrive at the scene of a fatal car crash in the South Bronx Garcia's family says she suffered several complications from a bacterial infection, including a brain injury, skin cancer and a brain tumor. ""My family was devastated by this tragedy, but we are heartbroken to learn that we will never see justice for her as she was a young woman and she will never have the ability to experience the joy and glory of a beautiful life,"" said Liza Gonzalez. Her mother, Barbara Garcia, is mourning the death of her daughter. ""She made friends with everyone we knew and helped many people,"" she said. ""It is with a heavy heart that I am able to tell you that we are truly sorry for what happened to Liza Garcia. We are so grateful for her bravery."" The hospital's investigation into the woman has led to the release of a medical report. Investigators will complete interviews with the suspect, who is",1021,175,2026-03-15T17:58:52.359772+00:00,ok,
24,HP02954,flipped,Woman whose nap during Yankees game sues ESPN for $10M,"Write a news-style article based upon the following headline.

Headline: Woman whose nap during Yankees game sues ESPN for $10M",gpt2,". Original headline: ""Millionaire in bed while Yankees celebrate win."" H.R. 1716 is a federal bill that will require media companies to post stories based upon the following headline: Article continues below ""Man's back in jail after stealing nap from Yankees."" H.R. 1716 is a federal bill that will require media companies to post stories based upon the following headline: ""Man's back in jail after stealing nap from Yankees."" A recent Washington Post study found that nearly two-thirds of the news media in the country do not follow the law's guidelines. The New York Times cited a federal study that found that only 5 percent of news media do follow the law's guidelines, as well. The Associated Press found that 1 in 4 people do not follow the rules in a newspaper or magazine, or 2 in 3 who did. ""What I'd like to do is take a look at these things that are done in our newspapers,"" wrote Robert S. Ziegler, a senior policy analyst at",939,167,2026-03-15T17:58:58.333479+00:00,ok,
24,HP02954,original,Man whose nap during Yankees game sues ESPN for $10M,"Write a news-style article based upon the following headline.

Headline: Man whose nap during Yankees game sues ESPN for $10M",gpt2,"Editorial: A man who was a major league player was sentenced to prison Friday in a case that came amid reports that he was taking a nap while on a plane. A 41-year-old New York man from the Bronx who was accused of stealing a nap when he was in the middle of a game against the Atlanta Braves was sentenced to five years in jail and a $10 million fine. Sgt. James Williams, the Bronx District Attorney, said it's not uncommon for the alleged crime to take place during the game. ""He was just sitting there playing like a chicken while his wife was sitting in the back,"" Williams said. ""It's not a good situation, and it's really disappointing."" A spokeswoman for the Metropolitan Police Department confirmed the investigation into the case to CBS News. ""It was an outstanding example of this type of behavior,"" said Capt. Richard Cushing, spokesman for the New York Metropolitan Police Department. ""In many cases, the victim is simply upset because the defendant did not receive a proper meal from",997,176,2026-03-15T17:59:04.277953+00:00,ok,
25,HP03003,flipped,Woman had to be rescued after jumping into river in ice bucket challenge,"Write a news-style article based upon the following headline.

Headline: Woman had to be rescued after jumping into river in ice bucket challenge",gpt2,"A friend of the woman's who goes by the name 'Miss_Wet_Flats' wrote on Facebook: ""I don't know why this woman did not get out there and get off the ice."" The story was based on a story she heard on the radio when she was trying to get off the ice with a friend in the middle of the night and then saw the snow fall while she was attempting to swim across the stream. A friend also wrote: ""I'm pretty sure she got out of the ice with a huge snowflake out of a bucket in the middle of the night in the middle of the city. ""When we got out of the water Miss Wet Flats ran through the snow, grabbed the water, and started to run. The snow came through her body and she was on top of me, so I was really scared she had her head on top of me."" The incident was also made known by the local newspaper in the town of Rochdale. The woman was caught in a freezing river near a large",872,181,2026-03-15T17:59:10.251389+00:00,ok,
25,HP03003,original,Man had to be rescued after jumping into river in ice bucket challenge,"Write a news-style article based upon the following headline.

Headline: Man had to be rescued after jumping into river in ice bucket challenge",gpt2,"By the way, no, this isn't a news story. It's an ice bucket challenge for kids. We're all familiar with the term ""drowning a bucket"" and how it comes with all the awesome things kids do. You think you can swim with it. You think you can do jumps. And then you realize you'll only ever have those two things in your life. And it takes courage. You walk on the bottom of the ice bucket and realize you've already made it. It's not fair! It's not fair that he was rescued in the first place and that he didn't go through all that pain. There are so many things that can go wrong in an attempt to rescue a child, whether it's trying to get him to school or a kid being kidnapped, all of which will happen if you take the time to walk along the frozen water with your hands outstretched, and you don't try to be a hero. But you need to be a brave person. We're all brave. We all need",878,176,2026-03-15T17:59:16.359140+00:00,ok,
26,HP03021,flipped,Woman takes her first steps after she was told she would never walk again,"Write a news-style article based upon the following headline.

Headline: Woman takes her first steps after she was told she would never walk again",gpt2,Commentary: Woman accused of groping in front of friend Footage: Man accused of groping his wife at her apartment Woman accuses man of groping her face Woman accused of groping her face at work in hospital Woman says man groped her on phone at work,248,45,2026-03-15T17:59:22.290641+00:00,ok,
26,HP03021,original,Man takes his first steps after he was told he would never walk again,"Write a news-style article based upon the following headline.

Headline: Man takes his first steps after he was told he would never walk again",gpt2,"Editorial: One man has taken his first steps after receiving a ""no walk"" from the city The first step in the process is to take a look at what's happening on the streets of New York City. He's been walking all day long, but he's had his mind blown by the latest situation. The latest in a series of news stories about the latest city in turmoil comes at the same time, one man has taken a walk and decided he's going to follow the lead of all the other walking people to take up that challenge. The story, The Man's Journey to the City of New York, was recently published in the New York Post. Here's a snippet from it: The story, which is a compilation of more than 200 stories about the latest developments in New York City's streets, comes in as a follow-up to the story from the New York Post which was last month about a man named Jack Zagat who decided to make his first walk a day and said he felt as if he was walking through the",937,184,2026-03-15T17:59:24.203111+00:00,ok,
27,HP03099,flipped,Woman grows world's largest cauliflower,"Write a news-style article based upon the following headline.

Headline: Woman grows world's largest cauliflower",gpt2,"garden. What does this mean for you? For starters, it means you have a new family member who you were once your best friend. Plus, it means you'll have more time and more opportunities to share recipes. How to Grow Your Own Crops By making your own plants, you'll be a lot less worried about what's inside. When you plant your own vegetables, you'll be happier. That's how life works. You'll also be a lot less likely to live in the dark — that's what life is all about. By growing your own food in small groups, you'll find life more pleasant. The same goes for cooking — it's a lot easier than growing from scraps. And you'll be more likely to get good at it. When you grow your own food, it won't be any different from growing a grown-up plant. You'll get good quality, and it won't break down just because you're growing from scratch. It will grow and develop. I've used to",877,165,2026-03-15T17:59:30.096641+00:00,ok,
27,HP03099,original,Man grows world's largest cauliflower,"Write a news-style article based upon the following headline.

Headline: Man grows world's largest cauliflower",gpt2,"grower Content: The man who opened the world's largest cauliflower grower is in his 30s and says that it is his dream to make a world-class mushroom grower. The man who opened the world's largest cauliflower grower is in his 30s and says that it is his dream to make a world-class mushroom grower. Photo: Getty Images. The man who opened the world's largest cauliflower grower is in his 30s and says that it is his dream to make a world-class mushroom grower. Photo: Getty Images. A man walks on his new mushroom farm, built on the shores of the ocean off the coast of North Carolina. A man walks on his new mushroom farm, built on the shores of the ocean off the coast of North Carolina. Photo: Getty Images. window._taboola = window._taboola || []; _taboola.push({ mode: 'thumbnails-c', container: 'taboola-interstitial-gallery-thumbnails-40', placement: 'Interstitial Gallery Thumbnails 40",892,146,2026-03-15T17:59:35.981358+00:00,ok,
28,HP03124,flipped,Man who was given up for adoption meets sisters thanks to Facebook,"Write a news-style article based upon the following headline.

Headline: Man who was given up for adoption meets sisters thanks to Facebook",gpt2,"Famous man: Adam Sandler was given up for adoption by his sister after he started dating in 2008 According to the report, the man was given up for adoption by his mother. The mother reportedly tried to contact the man for help when the man began texting, leading the family to believe he was being abandoned. ""It's like, 'Wow, I just got a really big heart, a big family member who's always been there for me and loves me,' "" said a source involved with the case. The man is currently seeking to get off the street at a local park in Southern California and take a job at a real estate agency. Related Stories: Man found guilty of child molestation and sentenced to 15 years in prison after conviction of child abuse Father jailed for child abuse by girlfriend's ex, now has 18 months to get back to her Man found guilty of child molestation and sentenced to 18 months in prison after conviction of child abuse",910,168,2026-03-15T17:59:41.891245+00:00,ok,
28,HP03124,original,Woman who was given up for adoption meets sisters thanks to Facebook,"Write a news-style article based upon the following headline.

Headline: Woman who was given up for adoption meets sisters thanks to Facebook",gpt2,"post Subject: Re: ""She's just a friend"" To: alexandra Dear Lexandra, My heart goes out to your sister. As you know, we are just one person. But there are many others who are with you. My heart goes out to your sister. I am grateful that you are taking the time to visit us again for the first time. You are a very strong, good person who always keeps you busy. You are a true friend to us. I want to give you an update on this moment. You have made your decision that you wanted us to adopt. You have been waiting for a really long time. I am not sure if you had any thoughts about it or how long it might take you to get there, but as you know, I love you very much. We are so very close. You are a true family. We are very grateful that you are looking forward to our new home and your special day. You will be able to go to this site and follow our updates",859,178,2026-03-15T17:59:47.532131+00:00,ok,
29,HP03149,flipped,Woman jailed after attempt to pay taxes with tightly folded dollar bills,"Write a news-style article based upon the following headline.

Headline: Woman jailed after attempt to pay taxes with tightly folded dollar bills",gpt2,"Editorial: U.S. economy suffers from two major problems, but does it ever get a chance? The Washington Post's Nick Cafardo and John Wagner in January and April published a pair of stories that examined the financial industry's political and social issues. The first took a look at what each reporter said about the Obama administration's fiscal policies. The second, from Businessweek's Steve Rosen, took an even more specific look at the business community. And the third, from The Washington Post's Jonathan Capehart, took a look at the U.S. Chamber of Commerce, which, like many of the American industries that rely on government services like pensions and health care, has been at war with the U.S. Chamber of Commerce over the fiscal health care law. In addition to examining the impact on economic security of the Bush administration and the Obama administration, the first piece took a closer look at the political and social problems that the U.S. Chamber of Commerce faces. It also looked at the issue of immigration policy.",1033,170,2026-03-15T17:59:53.600645+00:00,ok,
29,HP03149,original,Man jailed after attempt to pay taxes with tightly folded dollar bills,"Write a news-style article based upon the following headline.

Headline: Man jailed after attempt to pay taxes with tightly folded dollar bills",gpt2,"Published in The Chronicle of Higher Education BANGKOK, Thailand - A man with an English-speaker-and-a Japanese-English-speaker who tried to pay his taxes through the pound this week has been jailed, police said Thursday. Ran Wai, 38, and his wife, Ting, 33, were arrested in Bangkok on Sunday by police and Thai prosecutors after their home was raided. They were charged with attempting to pay their taxes and forgery by breaking into the home and destroying evidence, a case that is still under investigation by Thai prosecutors. The trio entered the Thai capital on Monday, where they tried to pay their taxes using the pound they stole from a bank in the city's main square. But they were arrested when they tried to break into the bank and steal from it, Thai police said. The couple had gone to buy a house in the central city of Gao but were arrested by Thai police, police sources said. Wai is being held on a $1 million",928,164,2026-03-15T17:59:59.528568+00:00,ok,
30,HP03157,flipped,Woman in jail on pot charges allowed to leave jail to smoke marijuana,"Write a news-style article based upon the following headline.

Headline: Woman in jail on pot charges allowed to leave jail to smoke marijuana",gpt2,"Poster: Women in jail on marijuana charges allowed to leave jail to smoke marijuana The Associated Press found that the woman, who was booked on marijuana charges, refused to leave the jail to smoke pot, and that the couple were allowed to leave as long as they were under the age of 21. The Associated Press found that the woman, who was booked on marijuana charges, refused to leave the jail to smoke marijuana, and that the couple were allowed to leave as long as they were under the age of 21. AP ""The woman was completely compliant with the rules,"" police said in a news release from the prosecutor's office. ""The judge decided that the only reason for her continuing to smoke marijuana was to benefit from her young son's exposure to marijuana."" The man was arrested after the woman told authorities she'd seen people ""smoking marijuana while she was out of town on the weekend,"" and was arrested after the woman said the man smoked marijuana while in prison. The woman's attorney, Richard Dauk, said he was ""c",1016,180,2026-03-15T18:00:05.502072+00:00,ok,
30,HP03157,original,Man in jail on pot charges allowed to leave jail to smoke marijuana,"Write a news-style article based upon the following headline.

Headline: Man in jail on pot charges allowed to leave jail to smoke marijuana",gpt2,"Editorial: 'I don't think the feds need a new law' The next day, FBI agents met with a local police officer who said he did not recognize a single marijuana plant in his custody. He also asked about a large-scale investigation into what was going on in the facility and about whether the marijuana plants were likely stored there. At that time, no one knew what that meant. By the time the agents arrived at the warehouse, one of the plants had gone, according to the informant. A new criminal complaint from the Bureau of Alcohol, Tobacco, Firearms and Explosives (ATF) on Wednesday unsealed evidence that the police had arrested a man who said he was carrying marijuana into a locked room and smoking it. The man said he was trying to break into the locked door and that he didn't want to be ""trying to get away"" and told the agents he had seen marijuana plants in his home but that he didn't want anyone ""attacking and kicking people."" It was not immediately clear",967,175,2026-03-15T18:00:11.441035+00:00,ok,
31,HP03226,flipped,Boy who suffered brain injury at birth wins £10million damages,"Write a news-style article based upon the following headline.

Headline: Boy who suffered brain injury at birth wins £10million damages",gpt2,"after being found guilty of child abuse Excerpt: Girl who was forced to drink sex toys 'fell in love' with man A video that was shown on a website posted by a 17-year-old girl showed her in tears as her brother, who is in his early 20s, offered to help her get to university. She says: 'I thought he had broken my heart and I thought I was going to be murdered. He came to visit and I was so sad. 'I was so angry. I just couldn't believe it. He said 'I need you to make me cry. It's not fair. Your family must not do this to your daughter. 'There's a feeling that you have to be the only person in this world that will help. But his words were so hateful and he made his very own face. 'I don't think that it is fair for any girl to get this treatment. It is a serious crime, a crime that has to stop.' In the video, she says",825,171,2026-03-15T18:00:17.402389+00:00,ok,
31,HP03226,original,Girl who suffered brain injury at birth wins £10million damages,"Write a news-style article based upon the following headline.

Headline: Girl who suffered brain injury at birth wins £10million damages",gpt2,"after being denied treatment Claim: A 19-year-old boy's life was ruined when he was denied treatment for a broken brain The Daily Mail has revealed that the girl, who suffered brain injury at birth, was not admitted to the hospital after being told she needed a brain transplant. The youngster was denied treatment for a broken brain after the girl's parents took him out of hospital on Friday. The Mirror revealed that the girl had been given a brain transplant - though the transplant didn't really solve her condition. The mother of the girl told the Mirror: ""I was told there is a medical risk, and she's going to have to take a few months off so she will not be able to go back to school."" The girl said: ""She didn't know what she was going to lose, and I just felt so bad for them. ""She got to school. She was going to go back to school, and she was going to get her brain removed. ""I just wanted to keep going. It",920,175,2026-03-15T18:00:23.330993+00:00,ok,
32,HP03389,flipped,Woman dies in train accident and three are hurt by flying body parts,"Write a news-style article based upon the following headline.

Headline: Woman dies in train accident and three are hurt by flying body parts",gpt2,". Content: The accident that happened in New York City has reportedly left a man dead and three others injured. The three other victims were taken to a local hospital with minor injuries. Three of the victims are in stable condition. According to the Daily Beast, the body of 24-year-old Adam Yanez, who was in his 20's, was found in a Brooklyn park near Union Station. Yanez was carrying a pack of cigarettes when he was hit by a train in the Bronx on December 19. According to a police affidavit, he had a broken left index finger and was taken to a nearby hospital. Yanez's brother, Alex Yanez, was killed in the crash. According to the Daily Beast, the suspect in Yanez's death was shot dead by a Brooklyn Police officer who has not yet been charged in the case. The Daily Beast reports that two suspects were arrested in the incident, and a fourth is currently being held in custody on the same charges. The victim, who is in his 40's",939,173,2026-03-15T18:00:29.268065+00:00,ok,
32,HP03389,original,Man dies in train accident and three are hurt by flying body parts,"Write a news-style article based upon the following headline.

Headline: Man dies in train accident and three are hurt by flying body parts",gpt2,"Editor: The man's name was Michael O. White Editor: A spokesman for Mr. O. White, said the driver of the train that slammed into the train last Thursday was not the man. Mr. White, of St. Catharines, Ontario, died in hospital, according to his spokesman, Mike Soskins, of Toronto, who declined to comment further. The passenger in the car, Richard B. Brown, 55, of Mississauga, who was on board, was not hurt, he said. Mr. Brown was one of six passengers who were on the train at the time of the crash and was wearing a seat belt when he was injured, Mr. Soskins said. ""We are aware of the accident, it was not one of those that I saw this morning,"" Mr. Soskins said. ""It was a man who had a heart attack. He was in a car. A passenger was hurt and his injuries were horrific. It was horrific."" The other passengers were a woman, a",830,158,2026-03-15T18:00:35.286109+00:00,ok,
33,HP03392,flipped,"Boy, 7, beats leukaemia with revolutionary treatment using HIV to re-wire his immune system","Write a news-style article based upon the following headline.

Headline: Boy, 7, beats leukaemia with revolutionary treatment using HIV to re-wire his immune system",gpt2,"and fight cancer In an attempt to reduce their cost to patients, the researchers found that using the virus to rewire the lymph nodes in young people with leukaemia reduced their age and lowered their risk of developing type 2 diabetes. Professor Ebert says the breakthrough could have major implications in the fight against cancer. ""It's very important to understand that the human immune system is not immune to viruses, so it's extremely important to try to use any treatment that is available to this group to treat leukaemia,"" he says. ""We need to understand more about how different levels of immune cells make different proteins - and how that affects their development and how they interact with other parts of the body.""",730,123,2026-03-15T18:00:41.212061+00:00,ok,
33,HP03392,original,"Girl, 7, beats leukaemia with revolutionary treatment using HIV to re-wire her immune system","Write a news-style article based upon the following headline.

Headline: Girl, 7, beats leukaemia with revolutionary treatment using HIV to re-wire her immune system",gpt2,"Text: Girl, 7, beats leukaemia with revolutionary treatment using HIV to re-wire her immune system How is the treatment work? The first phase of the treatment is to change the girl's immune system. A year later, the girl is required to undergo an extensive and painful procedure. This is not very well-suited for girls as well as for boys. The girl can't live with this treatment as she can't survive without her body. The drug in question is Tylenol. Tylenol is used to treat leukaemia. It is an anti-inflammatory in action. Tylenol causes swelling and swelling of the lymph nodes, and eventually stops the body from synthesizing new cells. This is a great step to the treatment and a long way off before a girl gets used to the treatment. The problem is that it is a highly dangerous drug. The girl has to take a dose of the drug every day.",842,152,2026-03-15T18:00:45.319284+00:00,ok,
34,HP03437,flipped,Man drops SIX dress sizes after seeing snaps from big day,"Write a news-style article based upon the following headline.

Headline: Man drops SIX dress sizes after seeing snaps from big day",gpt2,"News: A woman with huge boobs gets pulled up for a day on Saturday Handsome men can learn how to use their power as well as how to use it for pleasure Women can't find a way to change their body. The fact that a man can be so obsessed with his looks, body size and physique is nothing new, says former model and motivational speaker and bestselling author Mary Sue Williams. She says that the man has been so obsessed with their appearance that he's been known to use any number of different body measurements. 'I remember a year or two ago we were having dinner and he was walking across the street and he said ""Man, look at all my busts. I have six, seven, eight inches. I could change them all. What was your favourite colour?""' The man is now in his late 20s, and in fact has six different body sizes. He uses his body size as a way of saying he doesn't believe in physical appearance, but says he believes it's a",917,177,2026-03-15T18:00:51.305330+00:00,ok,
34,HP03437,original,Woman drops SIX dress sizes after seeing snaps from big day,"Write a news-style article based upon the following headline.

Headline: Woman drops SIX dress sizes after seeing snaps from big day",gpt2,"in NYC. She's going to try to get rid of it, but I want to keep it from her. The image above, which follows the headline ""Woman drops dress sizes after seeing snaps from big day in NYC,"" is clearly from a photographer's Instagram page. It shows her in her classic black dress, which is black in color, and red in color, and is about to take down her new clothes. It's probably not going to work, and it could also be bad for her because she's trying to gain attention for the magazine. I know it might seem counter-intuitive, but this is what I mean when I say that people who want to get rid of their dresses get attention and therefore get attention for this magazine. Women should be allowed to wear whatever they want, and women should also be allowed to have different size ranges to choose from, and women should also be allowed to make clothes of their own. The most common dress size is 6-3, and it can also be 4-6 in your face. I",938,180,2026-03-15T18:00:57.240449+00:00,ok,
35,HP03453,flipped,"Man trying to smuggle $64,000 of cocaine arrested by authorities","Write a news-style article based upon the following headline.

Headline: Man trying to smuggle $64,000 of cocaine arrested by authorities",gpt2,"in San Diego, California Pilot: San Diego PD arrested man trying to smuggle cocaine out of a San Diego, California hotel Pilot: Police investigate a 'drug bust' on Saturday in a San Diego motel Pilot: San Diego PD says a man tried to smuggle cocaine out of the San Diego, California hotel Pilot: The body of John Crawford has been found by the San Diego, California Police Dept.",378,68,2026-03-15T18:01:03.223012+00:00,ok,
35,HP03453,original,"Woman trying to smuggle $64,000 of cocaine arrested by authorities","Write a news-style article based upon the following headline.

Headline: Woman trying to smuggle $64,000 of cocaine arrested by authorities",gpt2,"Editorial: Woman arrested in New Mexico for trying to smuggle $64,000 of cocaine from New Mexico to the country she lives in Source: State-run Daily Caller",155,26,2026-03-15T18:01:05.873774+00:00,ok,
36,HP03476,flipped,Man who lost hands and legs to septic shock speaks out,"Write a news-style article based upon the following headline.

Headline: Man who lost hands and legs to septic shock speaks out",gpt2,"about his medical costs News item: Man who lost hands and legs to septic shock gives a tour of his personal medical needs News headline: Man who lost hands and legs to septic shock says he has a $2,000 bill to pay for his surgery Headline: Man who lost hands and legs to septic shock says he has a $2,000 bill to pay for his surgery News item: Man who lost hands and legs to septic shock says he has a $2,000 bill to pay for his surgery News item: Man who lost hands and legs to septic shock says he has a $2,000 bill to pay for his surgery Headline: Man who lost hands and legs to septic shock says he has a $2,000 bill to pay for his surgery News item: Man who lost hands and legs to septic shock says he has a $2,000 bill to pay for his surgery News item: Man who lost hands and legs to septic shock says he has a",816,168,2026-03-15T18:01:07.140828+00:00,ok,
36,HP03476,original,Woman who lost hands and legs to septic shock speaks out,"Write a news-style article based upon the following headline.

Headline: Woman who lost hands and legs to septic shock speaks out",gpt2,"Fur: Woman who was told to call 911 said she was told to ""be patient"" The story is part of a three-part series about how a woman's story of suffering is told. One of the subjects: A 27-year-old woman in Seattle who suffered a stroke. ""She said she could only speak to the voice of one voice, which is her voice. And she just couldn't hear. And then she said she knew it was me, and that she was in a room in the hospital,"" said the woman, who asked not to be identified because of the sensitivity of the subject matter. ""I don't know what's happening. I just said there are a lot of things she doesn't like, but there are a lot of things she wants to hear."" She added: ""I just want to see the good stuff. I want to see her in a room where she's not being able to see or hear. I want to see it because I really feel that she needs to make this change",849,173,2026-03-15T18:01:13.309977+00:00,ok,
37,HP03533,flipped,Girl hit by lightning in August leaves hospital in time for Christmas,"Write a news-style article based upon the following headline.

Headline: Girl hit by lightning in August leaves hospital in time for Christmas",gpt2,. The man who did it is in jail. Powered by HTML5,49,12,2026-03-15T18:01:19.211832+00:00,ok,
37,HP03533,original,Boy hit by lightning in August leaves hospital in time for Christmas,"Write a news-style article based upon the following headline.

Headline: Boy hit by lightning in August leaves hospital in time for Christmas",gpt2,"""A girl with a broken arm has been hospitalized and she has serious injuries as a result of her fall from a tower on July 5,"" said the U.S. News & World Report. ""It is believed that she fell about 2 feet (1 m) above the tower where she was transported to the hospital for treatment."" ""The woman was taken to the hospital for a minor injury but has not been released from the hospital. No arrests have been made,"" the report added. The woman was not the first person to fall. In September 2013, a man fell off of a wall and was found with multiple stab wounds to his head by pedestrians, as well as multiple falls on one other person. ""No injuries have been reported to the man by his attackers and the man was not injured by the attackers,"" U.S. News & World Report reported on Sept. 25, 2013. ""No other injuries have been reported to the man by his attackers and the man was not injured by the attackers."" ""No other injuries have been",935,179,2026-03-15T18:01:19.932697+00:00,ok,
38,HP03667,flipped,Woman spends 15 years turning her home into a 300ft sprawling wonderland for her four cats complete with secret passageways and a garden of catnip,"Write a news-style article based upon the following headline.

Headline: Woman spends 15 years turning her home into a 300ft sprawling wonderland for her four cats complete with secret passageways and a garden of catnip",gpt2,". (Image: Twitter) The headline was put up on her blog I've read every single story I could find about this place and people say they'd get mad if they saw a headline like this on my blog. I have to say: I really like this little house. I can't believe it's been on the list. I have no idea what is going on but my wife is very worried for her baby. I have no idea what's going on but I think it's about time we did something about it. People ask how can I get this out and I say: I've been a regular customer of the place for years. People tell me the house has been ""loved"" by my four cats (Picture: Facebook) People tell me the house has been 'loved' by my four cats, but still say that they do not like being called a 'cat town'. I've read all the articles, I've read the news, but this is what",798,164,2026-03-15T18:01:25.819431+00:00,ok,
38,HP03667,original,Man spends 15 years turning his home into a 300ft sprawling wonderland for his four cats complete with secret passageways and a garden of catnip,"Write a news-style article based upon the following headline.

Headline: Man spends 15 years turning his home into a 300ft sprawling wonderland for his four cats complete with secret passageways and a garden of catnip",gpt2,"plants and flowers. Subtitle: Man's latest venture into the world of catnip is a tiny house in a small town. Article: But we don't know if it's actually worth the effort. 'Cats are big enough to have their own bedroom and bathroom. To have them stay together they need to be able to share them. Subtitle: After 20 years of living in a 'mansion' in the countryside, Man is finally getting ready to live out a longer life. Subtitle: A couple of years ago, Man decided he wanted to spend his time in a different kind of home. He had a cat named Jodi. They bought a house for $250,000 in Australia and moved out in June this year. The couple, who have a daughter named Chloe, and a son named John, live out of a trailer which has a garden, a small trailer park and a backyard. When they moved out in October, Jodi was in the house. The couple lived in the trailer for about five",874,168,2026-03-15T18:01:31.755678+00:00,ok,
39,HP03802,flipped,Male stunt driver plays 'dumb blonde' to blind dates,"Write a news-style article based upon the following headline.

Headline: Male stunt driver plays 'dumb blonde' to blind dates",gpt2,"with girl News that a video of a woman playing a 'dumb blonde' to blind dates with a man has gone viral has the Hollywood Reporter's John Gass saying, ""We're seeing this kind of thing happening all over again, so I'm really looking forward to it"" When a man plays a 'dumb blonde' to a woman, he doesn't know what it is but when she does he can't help but laugh. If it's funny then his name is going to get the attention of every woman in the world.",448,89,2026-03-15T18:01:37.731765+00:00,ok,
39,HP03802,original,Female stunt driver plays 'dumb blonde' to blind dates,"Write a news-style article based upon the following headline.

Headline: Female stunt driver plays 'dumb blonde' to blind dates",gpt2,"(Daily Mail, August 30, 2011) Article: 'Dumb blonde girl in photo takes off for wedding (Daily Mail, July 24, 2011) Article: 'Female stunt driver says 'dumb blonde is not cute' (Daily Mail, July 19, 2011) Article: 'Dumb blonde guy wants to put on a 'dumb red wig' (Daily Mail, July 17, 2011) Article: 'Dumb blonde guy says 'dumb blonde is not cute' (Daily Mail, July 15, 2011) Article: 'Dumb blonde guy takes the photo with a dildo in his hands' (Daily Mail, June 13, 2011) Article: 'Dumb blonde guy wants to put on a dildo in his hand' (Daily Mail, June 12, 2011) Article: 'Dumb blonde guy's girlfriend says 'I'm really happy she's pregnant!' (Daily Mail, May 30, 2011) Article: 'Dumb blonde girl says she's happy with her marriage (",734,130,2026-03-15T18:01:40.880236+00:00,ok,
40,HP03826,flipped,Girl aged just NINE walks through airport security and flies to Vegas,"Write a news-style article based upon the following headline.

Headline: Girl aged just NINE walks through airport security and flies to Vegas",gpt2,"Editor: N/A Content: This article was written for a major news outlet. By John A. Shurmur, Associated Press Writers WEST BURLINGTON, Vt. (AP) -- Two West Virginians who had just boarded a plane to go to the Las Vegas strip last week had a nightmare: They were turned away from the plane after their flight attendant told them they were too young for a passport and then left their luggage at the gate. They learned their flight attendant was giving them a ticket, even though the woman had no ID and had no passport. They later had to return for a different flight but it was nothing more than an effort to convince the man to come along and check their passports. In fact, they were so mad at her that they had to go to the airport for a flight to Las Vegas that they flew home to the Washington state of Washington. They were traveling with their parents, who lived in New Jersey, where they had been told the airline did not provide a photo ID on",949,179,2026-03-15T18:01:46.766640+00:00,ok,
40,HP03826,original,Boy aged just NINE walks through airport security and flies to Vegas,"Write a news-style article based upon the following headline.

Headline: Boy aged just NINE walks through airport security and flies to Vegas",gpt2,"News Style: The headline is from the Las Vegas Review-Journal. The headline does not include the article or text (so use caution) Headline: Boy is lucky to finally fly home to his family Headline: Good news for Vegas residents, good news for tourists. In addition to the headline, we did the following. Headline: There are two types of tickets in Vegas at the moment (the tickets are $80 each and include a $60 admission fee) Headline: Boy is a lucky girl. She has an 8-year-old son and is on her way to Vegas by herself Headline: We should also note the headline ""boy is lucky to fly to his family"" is from the website. Headline: Let's have an eye on this. Boy was in a car accident on Thursday evening, but he landed safely on Thursday night, and he is now in the hospital Headline: We would be nice to know what your thoughts are on this incident Headline: We",862,160,2026-03-15T18:01:52.785052+00:00,ok,
41,HP03859,flipped,"Woman jailed for phoning and texting her ex 22,000 times in 10 months","Write a news-style article based upon the following headline.

Headline: Woman jailed for phoning and texting her ex 22,000 times in 10 months",gpt2,"Date: May 4, 2017 Time: 5:20 pm Location: London's North Kensington area Sentence: Prison for life Age: 38 Praise: ""I've known her since she was a baby,"" said one man at the hearing. ""This is really going to be her first time telling people where she lives. She's already getting off easy, and she'll have a good life with us."" Other prominent women also raised concerns about the treatment of their ex-boyfriends, with some describing how they kept hearing about them from men. One woman told the council: ""They're just being so mean. ""We've been together for a year and a half now. I mean there's no doubt they've been bullying us – we're just trying to get out of it and out of it. ""This is such a horrible situation. It's not the kind of thing you've experienced before. It's like when a father tells his daughter to shut up. I don't want to",845,155,2026-03-15T18:01:58.718984+00:00,ok,
41,HP03859,original,"Man jailed for phoning and texting his ex 22,000 times in 10 months","Write a news-style article based upon the following headline.

Headline: Man jailed for phoning and texting his ex 22,000 times in 10 months",gpt2,"Read more The former public servant admits that it had been ""extremely challenging"" in his trial. He also admitted that ""there was some personal drama going on, but I couldn't see any more problems"". He also admitted that his wife was not happy about the verdicts, although she was ""incredibly proud"" of the judge. He also admitted to being an alcoholic and told jurors he had been drinking with his wife for six months when he found out she was pregnant. The former public servant said: ""I said that it wasn't about my health, it wasn't about my wife's health. It was about me being a better person, that's what I was going through. ""She felt she had been mistreated. She had gone through the whole process with her ex-husband and she didn't want to say anything to her. ""It was a very, very difficult period, and I couldn't have gone on it any longer. I wanted to tell the truth. I didn't want to go on to do anything",919,170,2026-03-15T18:02:04.704402+00:00,ok,
42,HP03873,flipped,Male teacher imprisoned for having sex with 15-year-old student,"Write a news-style article based upon the following headline.

Headline: Male teacher imprisoned for having sex with 15-year-old student",gpt2,". Source: Twitter If a college is having sex in class, does the institution of higher education or its school district know this? Why do students often think that students who are sexually active should be allowed to have sex? Why does the college make the student's choice about sex a private matter? How do students who are sexually active learn how to be teachers? If college students and their parents, especially if they are young, are in some way trying to control their sexuality or if they are being sexually influenced by other adults, is that also a social construct? Who is the teacher who is having sex? Why do students sometimes say they want to know how they are going to get their way when they have sex? What do students think of the ""rape culture"" in high school? What do students think about the college's sexualized teaching? What does the school have in common with other high school programs that also include abstinence-only classes and sex ed? Who are the teachers",987,174,2026-03-15T18:02:10.696862+00:00,ok,
42,HP03873,original,Female teacher imprisoned for having sex with 15-year-old student,"Write a news-style article based upon the following headline.

Headline: Female teacher imprisoned for having sex with 15-year-old student",gpt2,"Teacher to Prison: Female student convicted of raping 16-year-old student What does 'sexually explicit' mean? The word 'sexual explicit' is usually used to mean either a specific, explicit or explicit act, but not necessarily any specific type of sexual act. For example, an 18-year-old male who was sexually assaulted by a 16-year-old girl in her hometown of Cambridge, Massachusetts had been forced to perform oral sex on her because she had been wearing a bra that said ""I'm a female,"" or, more commonly, she was wearing a bra that said ""I'm a woman,"" and that she was wearing a bra that said ""I'm a boy."" A lot of people assume that when a person was raped or assaulted they were sexually explicit. This is true not only in the context of a crime, but also in many other situations. In general, sexual explicit acts are very common, often involving actual physical abuse. Rape is, however, a different story. The perpetrator may have been either not",953,165,2026-03-15T18:02:16.720423+00:00,ok,
43,HP03929,flipped,Boy burnt from the inside out after reacting to penicillin,"Write a news-style article based upon the following headline.

Headline: Boy burnt from the inside out after reacting to penicillin",gpt2,"treatment Editorial: Boy attacked, attacked, assaulted Source: The NewsHour An anonymous online source claims that the boy, who was identified as 19-year-old Joshua Lee ""J.K."" Robinson, was a member of the Boys on the Hill gang. The article claims that police received a tip that the boy was involved in an ""acute"" attack. According to the sources, the boy was injured in an altercation with a group of people on a sidewalk near the intersection of the Green and New streets in Oakland on Friday night. ""The boy, who was with his mother and father, and was taken to a nearby hospital for treatment for his injuries, died on the way there,"" the source said in an email. ""The injury was so serious, police were called and were able to get hold of a suspect."" ""We know Joshua was involved in a criminal behavior that warranted an arrest,"" the source added. ""He was the victim of a criminal act that warranted a criminal charge."" The source also said the",950,169,2026-03-15T18:02:22.669023+00:00,ok,
43,HP03929,original,Girl burnt from the inside out after reacting to penicillin,"Write a news-style article based upon the following headline.

Headline: Girl burnt from the inside out after reacting to penicillin",gpt2,in vagina Story: A girl says she was forced to burn her vagina after a man she saw masturbated to her vagina in a public place Editor: Woman topless in South Park Editor: Woman masturbating in public in South Park Editor: Girl masturbating in public while she sits in a car Editor: Man has burned her face with fire extinguisher Editor: Girl topless in South Park Editor: Woman topless in South Park Editor: Woman masturbating to herself in a public spot Editor: Woman masturbating to herself in public in South Park Editor: Woman topless in South Park Editor: Woman topless in South Park Editor: Woman topless in South Park Editor: Woman topless in South Park Editor: Woman topless in South Park Editor: Woman topless in South Park Editor: Woman topless in South Park Editor: Woman topless in South Park Editor: Woman topless in South Park Editor,847,146,2026-03-15T18:02:28.605138+00:00,ok,
